symbol,alert_date,alert_type,num_contractions,latest_contraction_pct,tightening_ratio,overall_score,prior_advance_pct,pivot_price,current_price,distance_to_pivot_pct,converted_to_pre_alert,converted_to_trade,pre_alert_date,trade_date
AMZN,2023-12-11,new_pattern,2,4.516488382121713,0.19430256329515985,99.0,38.702924620481895,149.25999450683594,145.88999938964844,2.309956221321786,True,True,2023-12-11,2023-12-15
AMZN,2024-06-07,new_pattern,2,10.254789401148459,0.727324891372825,99.0,31.999705267329016,191.6999969482422,184.3000030517578,4.015189242512492,True,False,2024-06-10,
AMZN,2024-07-02,new_contraction,3,3.9344469897277246,0.38366921404422955,100.0,30.43204779555851,191.6999969482422,200.0,-4.150001525878906,False,False,,
AMZN,2024-08-02,new_contraction,3,3.9344469897277246,0.38366921404422955,90.0,31.856993000659607,191.6999969482422,167.89999389648438,14.175106561606704,False,False,,
AMZN,2024-10-29,new_pattern,2,7.974189774280665,0.2437924996622768,100.0,32.708921666282706,201.1999969482422,190.8300018310547,5.434153444262002,True,True,2024-11-01,2024-11-06
AMZN,2024-12-19,new_pattern,2,7.974189774280665,0.3100709787685753,96.0,32.708921666282706,190.60000610351562,223.2899932861328,-14.640148759701432,False,True,,2024-12-20
GOOGL,2021-11-29,new_contraction,3,4.204784738587613,0.6911777123664006,100.0,33.34488129704967,149.58331179052777,144.5336456298828,3.4937651635633586,True,False,2021-12-07,
GOOGL,2023-08-07,new_pattern,2,7.511411133861386,0.6329005736366805,92.66666666666666,33.089795984435156,128.15609177061813,130.62901306152344,-1.893087326427715,True,True,2023-08-16,2023-08-29
GOOGL,2024-10-16,new_pattern,2,5.897063142377414,0.1960809537309378,89.0,37.092080532718605,190.65510095160317,164.43484497070312,15.945681090629929,False,False,,
GOOGL,2024-12-03,new_contraction,3,4.142602943552847,0.7024857702104826,93.33333333333334,30.074635145182743,190.65510095160317,170.5876922607422,11.76369081785108,False,True,,2024-12-11
MSFT,2023-03-20,new_pattern,2,3.8130619690700063,0.21638432127276547,86.0,37.5424797049472,244.04104526402548,266.5391540527344,-8.440826965428753,False,False,,
MSFT,2023-05-05,new_pattern,2,5.856010775363465,0.47221518302262716,93.33333333333334,30.03790506184549,270.2974064213473,304.156005859375,-11.131984503269035,False,True,,2023-05-25
MSFT,2023-07-19,new_pattern,2,5.856010775363465,0.47221518302262716,96.0,33.4905802006778,270.2974064213473,348.4172668457031,-22.421351597064003,False,False,,
MSFT,2024-04-19,new_contraction,3,2.908584802762352,0.7839414548473912,94.0,31.346978668209736,378.654310364066,393.9837951660156,-3.8908922118205687,False,False,,
AAPL,2023-03-21,new_pattern,2,9.200902075408864,0.34548083088152004,90.0,35.390177394004915,155.04101372137666,157.15235900878906,-1.3435021279536272,False,False,,
AAPL,2023-06-16,new_pattern,2,3.292363271045215,0.7451188217856592,99.0,30.778419205823948,165.91372717633618,182.7022247314453,-9.188994594776615,False,False,,
AAPL,2023-07-20,new_pattern,2,3.292363271045215,0.7451188217856592,95.66666666666666,35.634006445854894,165.91372717633618,190.8137664794922,-13.049393533056303,False,False,,
AAPL,2023-08-21,new_pattern,2,3.292363271045215,0.7451188217856592,92.66666666666666,32.244637932575266,165.91372717633618,173.96571350097656,-4.628490386178988,False,False,,
AAPL,2023-09-21,new_pattern,2,9.473315739611943,0.6264874970098799,92.66666666666666,31.098432031788175,195.8525518472028,172.07606506347656,13.817428225683448,False,False,,
AAPL,2024-09-23,new_pattern,2,8.881820286542851,0.4222259270673872,92.66666666666666,34.384840978905444,235.62962070976812,225.20257568359375,4.630073610181178,True,False,2024-09-30,
AAPL,2024-10-14,new_contraction,3,5.313335205369931,0.5982259304908867,90.66666666666666,44.7780029120142,235.62962070976812,230.00555419921875,2.445187260859839,False,False,,
AAPL,2024-11-13,new_contraction,3,5.313335205369931,0.5982259304908867,93.66666666666666,44.7780029120142,235.62962070976812,224.1063995361328,5.141852797370658,True,False,2024-11-22,
META,2023-10-04,new_pattern,2,9.093754397046029,0.481502597605855,96.0,75.10354441148036,324.201368546091,303.7077331542969,6.747814808318507,True,False,2023-10-09,
META,2023-11-03,new_pattern,2,9.093754397046029,0.481502597605855,96.0,57.48562628303648,324.201368546091,312.6725158691406,3.6871973364538997,True,False,2023-11-07,
META,2023-12-06,new_pattern,2,9.093754397046029,0.481502597605855,99.0,41.91862521215612,324.201368546091,315.5050048828125,2.7563314459967287,True,False,2023-12-06,
META,2024-04-08,new_pattern,2,6.903565295380128,0.6907915315846821,100.0,33.47890063763436,520.9142245261355,516.6162109375,0.8319548433905967,True,True,2024-04-08,2024-05-01
META,2024-06-03,new_pattern,2,6.903565295380128,0.6907915315846821,100.0,77.62962922563284,520.9142245261355,475.0679626464844,9.65046382506055,True,True,2024-06-12,2024-07-05
META,2024-06-28,new_contraction,3,4.287274911429622,0.6948632488337053,100.0,67.09987629901492,528.7941163333494,502.16046142578125,5.303813612076778,False,True,,2024-07-05
META,2024-07-18,new_contraction,3,4.287274911429622,0.6948632488337053,100.0,63.93086201376585,528.7941163333494,473.9063415527344,11.5819878250157,True,False,2024-08-09,
META,2024-08-19,new_contraction,3,4.287274911429622,0.6948632488337053,100.0,48.36563732644412,528.7941163333494,527.1181030273438,0.31795783456875537,True,False,2024-08-19,
META,2024-09-30,new_contraction,3,9.812325982330956,0.5792063414424434,100.0,30.616885565337824,542.0069478093005,570.6456909179688,-5.018655807704169,False,False,,
META,2024-10-30,new_contraction,3,9.812325982330956,0.5792063414424434,100.0,31.085389096031296,542.0069478093005,589.9449462890625,-8.125842721648336,False,False,,
TSLA,2024-12-23,new_pattern,2,12.651170021280508,0.43707541078144346,96.0,61.87802047180565,234.67999267578125,430.6000061035156,-45.49930577117444,False,False,,
NVDA,2021-11-29,new_pattern,2,10.505271539265047,0.6236314096620411,100.0,71.24807526867144,20.829578198509008,33.309242248535156,-37.46607009823217,False,True,,2021-12-07
NVDA,2023-12-11,new_pattern,2,12.30393257595647,0.4375358496363347,96.0,79.2455367409094,50.5182248537623,46.60363006591797,8.399763671429405,True,True,2023-12-18,2024-01-08
NVDA,2024-04-04,new_pattern,2,6.578623900609489,0.53467652394853,100.0,33.26434343691839,50.5182248537623,85.865966796875,-41.16618406770113,False,False,,
NVDA,2024-05-06,new_pattern,2,6.578623900609489,0.53467652394853,96.0,80.47471136079714,50.5182248537623,92.09814453125,-45.14740214269913,False,False,,
NVDA,2024-10-09,new_pattern,2,10.882403188164004,0.36244741484901055,100.0,86.19095302379908,131.21115023425924,132.61196899414062,-1.0563290557455514,False,False,,
NVDA,2024-11-08,new_pattern,2,10.882403188164004,0.36244741484901055,100.0,86.19095302379908,131.21115023425924,147.58767700195312,-11.096134243970225,False,False,,
NVDA,2024-12-11,new_pattern,2,10.882403188164004,0.36244741484901055,100.0,59.54886401181517,131.21115023425924,139.27964782714844,-5.793019812128278,True,False,2024-12-17,
AMD,2021-11-29,new_pattern,2,8.646433317209762,0.37441547338288345,99.0,68.95172119140625,122.48999786376953,161.91000366210938,-24.346862396844614,False,False,,
AMD,2021-12-30,new_pattern,2,8.646433317209762,0.37441547338288345,99.0,55.72081383308291,122.48999786376953,145.14999389648438,-15.611434368281902,True,False,2022-01-31,
AMD,2022-02-03,new_pattern,2,8.646433317209762,0.5743703893616976,96.0,82.3361942054095,114.48999786376953,120.08000183105469,-4.6552330796513095,False,False,,
AMD,2023-07-18,new_pattern,2,7.452058138912671,0.3098898637514155,100.0,70.57452390767047,130.7899932861328,117.93000030517578,10.904768038394234,False,False,,
AMD,2023-08-17,new_pattern,2,7.452058138912671,0.3098898637514155,96.66666666666666,61.93807743574211,130.7899932861328,104.44000244140625,25.2297876568029,False,False,,
AMD,2023-12-11,new_pattern,2,8.043310466129967,0.25827348024056357,100.0,42.17061050752908,125.7300033569336,134.41000366210938,-6.457852889429466,False,False,,
AMD,2024-07-09,new_pattern,2,8.578500382015962,0.6201917966875934,92.66666666666666,95.32525366244693,174.5500030517578,177.10000610351562,-1.439866156903081,False,False,,
AMD,2024-09-25,new_pattern,2,8.578500382015962,0.6201917966875934,89.33333333333334,61.02295066231315,174.5500030517578,162.02000427246094,7.733612176818489,False,False,,
AVGO,2022-03-09,new_pattern,2,11.952218228818841,0.3733432114484193,99.0,40.37852227572712,62.90244856339283,55.409027099609375,13.523827895971635,False,False,,
AVGO,2022-03-15,new_contraction,3,7.505198037891655,0.6279334843297405,93.66666666666666,40.37852227572712,62.90244856339283,55.0136604309082,14.339689580176504,False,False,,
AVGO,2022-04-14,new_contraction,3,7.505198037891655,0.6279334843297405,93.66666666666666,44.27335901681843,62.90244856339283,53.61878204345703,17.31420626528137,False,False,,
AVGO,2022-05-17,new_contraction,3,7.505198037891655,0.6279334843297405,97.0,42.23658739792589,62.90244856339283,56.82366943359375,10.697618070763571,False,False,,
AVGO,2023-01-27,new_pattern,2,5.088445511827087,0.5415233095589124,89.0,33.92889884409086,56.284841533925345,56.61341094970703,-0.5803738200363401,True,False,2023-01-30,
AVGO,2023-03-14,new_pattern,2,5.088445511827087,0.5415233095589124,95.66666666666666,41.09667034088428,56.284841533925345,60.585994720458984,-7.099253229032492,False,False,,
AVGO,2023-04-14,new_pattern,2,5.088445511827087,0.5415233095589124,95.66666666666666,46.16576518480139,56.284841533925345,59.77549362182617,-5.83960395205547,False,False,,
AVGO,2023-05-16,new_pattern,2,5.088445511827087,0.5415233095589124,92.66666666666666,49.89237235898793,56.284841533925345,61.888492584228516,-9.054431310759036,False,True,,2023-05-31
AVGO,2023-08-22,new_pattern,2,8.10693320039724,0.4328794524933235,99.0,31.93493150342387,88.93672134443996,83.0096664428711,7.14019843176696,True,True,2023-08-30,2023-08-31
AVGO,2023-09-22,new_pattern,2,8.10693320039724,0.4328794524933235,96.0,62.281842637751296,88.93672134443996,80.85684967041016,9.992810388934384,True,False,2023-10-12,
AVGO,2023-10-24,new_pattern,2,8.10693320039724,0.4328794524933235,96.0,54.35118283363529,88.93672134443996,85.9311294555664,3.497675298714299,True,False,2023-11-07,
AVGO,2024-05-09,new_pattern,2,10.83290986330218,0.5531959509882666,100.0,60.39141124006322,140.90388519443184,128.46705627441406,9.6809480038617,True,False,2024-05-16,
AVGO,2024-06-11,new_pattern,2,10.83290986330218,0.5531959509882666,100.0,65.83635617376325,140.90388519443184,143.7532196044922,-1.982101282948456,False,False,,
AVGO,2024-07-15,new_pattern,2,10.83290986330218,0.5531959509882666,100.0,59.8847882499867,140.90388519443184,169.1985626220703,-16.72276465541777,True,False,2024-08-05,
AVGO,2024-08-14,new_pattern,2,10.83290986330218,0.5531959509882666,96.0,36.60413668819244,140.90388519443184,155.64649963378906,-9.471857365275932,False,False,,
AVGO,2024-09-16,new_pattern,2,10.83290986330218,0.6284794193179671,96.0,54.61863798302148,138.13993404995284,161.89447021484375,-14.672852095174841,False,False,,
QCOM,2022-02-22,new_pattern,2,18.229908744472244,0.7925480260975747,92.66666666666666,54.51418702358296,177.92298026730734,152.47256469726562,16.69180001043042,False,False,,
QCOM,2023-07-27,new_contraction,3,6.037656096315686,0.5516867225152947,90.0,31.00543443258679,121.10135698143867,119.71638488769531,1.156877644645372,True,True,2023-07-27,2023-07-28
QCOM,2023-12-05,new_pattern,2,3.7399455114015137,0.14083651547173695,86.0,31.953701469118528,126.48938361663781,126.0549087524414,0.3446711187183247,True,False,2023-12-05,
MU,2023-03-23,new_pattern,2,21.948458644294632,0.663937426600107,89.0,33.28372362613447,63.4433286223074,60.48513412475586,4.890779429289195,True,True,2023-03-29,2023-05-15
MU,2023-04-13,new_contraction,3,15.015175730051814,0.6841107147154918,87.0,33.28372362613447,63.52220934401806,62.24753952026367,2.047743306126082,False,True,,2023-05-15
MU,2023-05-02,new_contraction,4,10.908142807919742,0.7264745350990375,91.33333333333334,33.15387294179668,63.591295569668254,61.16067886352539,3.9741493248735327,False,True,,2023-05-15
MU,2023-05-30,new_contraction,4,8.211588106660809,0.7527943345863489,96.66666666666666,33.15387294179668,63.67033963480069,70.83375549316406,-10.112997409906765,True,False,2023-06-29,
MU,2023-06-30,new_contraction,4,8.211588106660809,0.7527943345863489,96.66666666666666,33.31942657563495,63.67033963480069,62.35622787475586,2.107426643388788,True,False,2023-06-30,
MU,2023-08-02,new_contraction,3,8.211588106660809,0.7527943345863489,96.66666666666666,33.38244022366232,63.67033963480069,67.48252868652344,-5.649149677587672,True,False,2023-08-16,
MU,2023-09-01,new_contraction,3,8.211588106660809,0.7527943345863489,90.66666666666666,42.00361121085266,63.67033963480069,69.68014526367188,-8.624846584532637,False,True,,2023-09-22
MU,2024-06-07,new_pattern,2,10.15617803770395,0.4325993664484411,100.0,46.21702729702582,132.48059384614217,130.1350860595703,1.802363880174624,True,True,2024-06-07,2024-06-17
MU,2024-07-19,new_pattern,2,10.15617803770395,0.4325993664484411,100.0,67.68034253936747,132.48059384614217,113.65696716308594,16.56178864604603,False,False,,
MU,2024-08-20,new_pattern,2,10.15617803770395,0.4325993664484411,93.33333333333334,66.86968133884234,132.48059384614217,107.42005157470703,23.32948262830276,False,False,,
INTC,2023-08-15,new_pattern,2,9.440878098286573,0.5170238022861249,96.66666666666666,36.83783347603008,36.447102218638456,34.19804000854492,6.576582194568958,False,False,,
INTC,2024-03-06,new_pattern,2,8.017189159138951,0.3445401721433835,99.0,42.06459223096449,50.60228911990351,44.05050277709961,14.873352015881999,False,False,,
LRCX,2023-04-14,new_pattern,2,10.956405268551702,0.6253934198603,89.33333333333334,68.41352991549941,53.278419810879434,48.79440689086914,9.189604312721718,False,True,,2023-04-19
LRCX,2023-04-21,new_pattern,2,10.956405268551702,0.6253934198603,89.33333333333334,68.41352991549941,53.278419810879434,50.38731384277344,5.737765615224674,False,True,,2023-05-15
LRCX,2023-05-04,new_contraction,3,8.73090481089889,0.7968767672330731,90.66666666666666,83.88356662156347,53.278419810879434,49.90505599975586,6.759563221690559,False,True,,2023-05-15
LRCX,2023-07-07,new_contraction,3,8.73090481089889,0.7968767672330731,97.0,38.22847410526343,53.278419810879434,60.361995697021484,-11.735158528715749,False,True,,2023-07-27
LRCX,2023-10-23,new_pattern,2,5.397543524234914,0.6306485934038141,92.66666666666666,51.652335259113244,62.80024034181467,58.75223159790039,6.889965936304865,True,False,2023-11-02,
LRCX,2023-12-12,new_pattern,2,6.375331900051854,0.24427068131151655,99.0,40.08894444102816,71.62895161833106,71.84879302978516,-0.30597787684890143,False,True,,2023-12-14
LRCX,2024-04-11,new_pattern,2,6.3877222439362695,0.5806418675816394,100.0,39.875778824367295,98.98223646172747,96.84092712402344,2.2111615422285986,True,True,2024-04-11,2024-04-26
LRCX,2024-06-11,new_pattern,2,8.402830891886241,0.48961908795784065,99.0,60.81902275821541,98.98223646172747,98.44300079345703,0.547764354930428,True,True,2024-06-11,2024-06-12
LRCX,2024-07-12,new_pattern,2,8.402830891886241,0.48961908795784065,99.0,45.66404377081691,98.98223646172747,105.53958892822266,-6.213168473637733,True,False,2024-07-22,
LRCX,2024-08-13,new_pattern,2,8.402830891886241,0.48961908795784065,89.0,36.77884420680161,98.98223646172747,82.94241333007812,19.33850546139424,False,False,,
AMAT,2023-03-20,new_pattern,2,8.55967587363657,0.6186327899138472,95.66666666666666,63.628610724119014,121.59656927580423,121.02273559570312,0.4741536185548567,True,False,2023-03-20,
AMAT,2023-05-22,new_contraction,3,6.578098658512968,0.43141548956430126,93.66666666666666,68.87952894506186,121.59656927580423,123.47168731689453,-1.518662360446849,True,True,2023-05-23,2023-05-25
AMAT,2023-06-23,new_contraction,3,6.578098658512968,0.43141548956430126,97.0,34.40885947046223,121.59656927580423,133.1022491455078,-8.6442415087408,False,True,,2023-06-26
AMAT,2023-08-04,new_pattern,2,6.578098658512968,0.43141548956430126,95.66666666666666,32.49941839423818,118.54452981620007,142.48309326171875,-16.800985223943275,False,False,,
AMAT,2023-09-08,new_pattern,2,6.578098658512968,0.4938108638133646,96.0,31.0984331172804,120.51538912454711,144.6253204345703,-16.670615655389838,False,False,,
AMAT,2023-10-13,new_pattern,2,4.742879191628822,0.2848721934671501,96.0,34.92479724361376,149.93691028143866,138.36114501953125,8.366341041969084,False,False,,
AMAT,2023-11-27,new_pattern,2,11.145557694689566,0.5528283824987913,96.0,41.199144232387326,154.65390881724446,148.1583709716797,4.384185519160699,False,True,,2023-12-11
AMAT,2024-04-16,new_pattern,2,6.56518230532861,0.7493290061879818,100.0,30.51742301036848,211.4891905948464,206.1456298828125,2.5921290279457088,True,False,2024-04-16,
AMAT,2024-10-14,new_pattern,2,9.558971321045078,0.42278586573475757,92.33333333333334,37.19174106385863,209.99174607784727,211.2733154296875,-0.6065930991965446,False,False,,
KLAC,2023-02-06,new_pattern,2,10.937152630255262,0.7523931139554587,92.66666666666666,58.900287412721575,417.00814698090016,393.830322265625,5.885231127440339,False,False,,
KLAC,2023-04-04,new_pattern,2,8.748590049055355,0.461345930281016,95.66666666666666,68.26918944715781,417.00814698090016,382.6919250488281,8.96706193309242,False,True,,2023-04-20
KLAC,2023-11-02,new_pattern,2,12.147954682298614,0.6680307954908664,96.0,45.848520593787356,509.83300080163053,479.5971984863281,6.304415957960259,True,True,2023-11-08,2023-11-10
KLAC,2024-10-08,new_pattern,2,10.164043703935464,0.4935118958105522,99.0,44.124979853109515,830.428363043101,775.1060791015625,7.1373822800697635,True,False,2024-10-14,
CRM,2021-11-29,new_pattern,2,4.889477621568007,0.5970052819380511,92.66666666666666,31.740935924726653,250.86116095897228,293.6510314941406,-14.571673839334753,True,True,2021-12-01,2021-12-02
CRM,2023-05-03,new_pattern,2,5.0112820989223055,0.7396860942573931,93.33333333333334,41.55454338284536,198.03681684450552,190.6050262451172,3.8990527929893557,True,True,2023-05-05,2023-05-26
CRM,2023-07-25,new_pattern,2,5.0112820989223055,0.7396860942573931,96.66666666666666,58.39798832957743,198.03681684450552,223.67710876464844,-11.463082682779783,False,False,,
CRM,2023-08-24,new_pattern,2,5.0112820989223055,0.7396860942573931,92.66666666666666,53.943169391589244,198.03681684450552,203.37071228027344,-2.622745121931351,False,False,,
CRM,2023-09-26,new_pattern,2,6.288883087074343,0.6369131848296186,92.66666666666666,40.92446920140829,222.65781896456093,200.3821563720703,11.116589917881255,False,False,,
NOW,2023-03-16,new_contraction,3,11.2130757250817,0.4986192347598169,84.0,54.77151842428598,433.3900146484375,442.3900146484375,-2.0344039652776074,False,False,,
NOW,2023-04-19,new_pattern,2,5.845294228296436,0.2654909683790533,90.0,36.667657959708826,494.6199951171875,475.5899963378906,4.001345471063421,False,True,,2023-05-17
NOW,2023-06-08,new_pattern,2,5.845294228296436,0.2654909683790533,96.66666666666666,40.81708046040926,494.6199951171875,535.3400268554688,-7.606386538564368,False,False,,
NOW,2023-07-12,new_pattern,2,5.845294228296436,0.2654909683790533,92.66666666666666,39.87331088369974,494.6199951171875,561.3400268554688,-11.885849671550327,False,True,,2023-07-26
NOW,2024-04-09,new_pattern,2,5.422130679500775,0.5560383299568353,100.0,39.27243786393156,815.3200073242188,782.219970703125,4.231550952520511,False,False,,
NOW,2024-11-18,new_pattern,2,4.240010242944753,0.30350861355328607,100.0,33.2826580519645,850.3300170898438,1005.3400268554688,-15.41866489196394,False,True,,2024-11-19
ADBE,2021-11-29,new_pattern,2,5.553657613387469,0.25188079858596235,100.0,42.97758283584579,677.760009765625,687.489990234375,-1.415290492510722,True,False,2021-11-30,
ADBE,2021-12-30,new_pattern,2,5.553657613387469,0.25188079858596235,90.0,38.27718019179096,677.760009765625,570.530029296875,18.794800442125883,False,False,,
ADBE,2023-03-21,new_pattern,2,8.93315726421516,0.3392662411835718,86.0,63.82993424052579,402.489990234375,374.2200012207031,7.554376816165721,False,False,,
ADBE,2023-04-18,new_contraction,3,4.791636651018347,0.5363878088447966,90.0,39.62070805266134,402.489990234375,377.54998779296875,6.605748443324599,False,False,,
ADBE,2023-05-18,new_pattern,2,8.93315726421516,0.3392662411835718,86.0,45.51336997575695,402.489990234375,360.42999267578125,11.669394449209479,True,True,2023-05-25,2023-05-26
ADBE,2024-08-15,new_pattern,2,16.10999755859375,0.46183490844704833,90.0,38.64150236962677,585.3499755859375,554.1599731445312,5.628339099343709,False,False,,
ORCL,2022-01-14,new_pattern,2,5.9113722408352265,0.7104558006812299,92.66666666666666,30.004550842577082,87.08763280434447,83.361328125,4.470063953104113,False,False,,
ORCL,2022-12-23,new_pattern,2,8.4288468548387,0.2682225084200085,92.33333333333334,31.424830468142527,76.5748517867289,77.90312957763672,-1.7050377797519465,False,False,,
ORCL,2023-01-27,new_pattern,2,8.4288468548387,0.2682225084200085,92.66666666666666,31.424830468142527,76.5748517867289,86.0679702758789,-11.029792452083086,False,False,,
ORCL,2023-08-30,new_pattern,2,5.307295931101265,0.36945659528168334,100.0,31.704776089549075,123.86871168852547,118.04633331298828,4.932282276061653,True,False,2023-09-05,
ORCL,2023-10-02,new_pattern,2,5.307295931101265,0.36945659528168334,100.0,56.11177367455088,123.86871168852547,104.00202178955078,19.102215088832743,False,False,,
ORCL,2023-11-01,new_pattern,2,5.307295931101265,0.36945659528168334,96.66666666666666,42.76454743987362,123.86871168852547,103.44353485107422,19.74524252951816,False,False,,
ORCL,2023-12-04,new_pattern,2,5.307295931101265,0.5765389105708943,92.66666666666666,35.897706158427056,118.22596265172993,113.2547607421875,4.3893977409557605,False,False,,
ORCL,2024-06-07,new_pattern,2,10.606719559896833,0.6114764324449184,92.66666666666666,30.839492854200934,130.37744133915575,124.04991149902344,5.100793514215547,False,True,,2024-06-12
INTU,2023-03-21,new_pattern,2,12.580431795278935,0.5249985814546817,89.33333333333334,38.92869793415162,428.554136682435,414.5870056152344,3.368926396155093,True,False,2023-03-23,
INTU,2023-05-03,new_pattern,2,8.475814317288197,0.44053831281656397,93.33333333333334,30.126757664124376,449.8637002357223,422.8236389160156,6.395115795566387,True,False,2023-05-18,
INTU,2023-06-05,new_pattern,2,8.475814317288197,0.44053831281656397,90.0,30.126757664124376,449.8637002357223,435.8040466308594,3.226141132363542,True,False,2023-06-06,
INTU,2023-10-11,new_pattern,2,4.104102887438158,0.26373552595033567,100.0,30.04515295539037,455.15168428567836,534.827880859375,-14.897539830135804,False,False,,
INTU,2024-05-09,new_pattern,2,6.207913684313717,0.5151511972218631,99.0,40.17829471177629,663.6423501527854,620.843017578125,6.893744692759579,True,False,2024-05-15,
INTU,2024-05-21,new_contraction,3,2.960719653091316,0.4769266783738509,100.0,41.33301607127963,663.6423501527854,661.4098510742188,0.3375364117938041,False,False,,
PANW,2022-03-03,new_pattern,2,15.254020077622588,0.5946601564462735,96.0,56.1347256100365,95.44499969482422,95.5683364868164,-0.1290561252043994,True,False,2022-03-04,
PANW,2022-05-24,new_pattern,2,15.254020077622588,0.5946601564462735,86.0,30.616993642874224,95.44499969482422,79.52333068847656,20.02138098153729,False,False,,
PANW,2022-08-29,new_pattern,2,7.287112133951817,0.5314853648946868,86.0,52.03416260356829,89.51499938964844,93.16500091552734,-3.917781881619215,False,False,,
PANW,2023-04-04,new_pattern,2,3.308048304067226,0.5359868756618267,93.33333333333334,43.93368831387157,98.05999755859375,98.27999877929688,-0.22385146869728006,True,False,2023-04-05,
PANW,2023-05-05,new_pattern,2,3.308048304067226,0.5359868756618267,93.33333333333334,35.38042531190963,98.05999755859375,91.96499633789062,6.627522930908785,True,True,2023-05-08,2023-05-24
PANW,2023-06-08,new_pattern,2,3.308048304067226,0.5359868756618267,96.66666666666666,45.84782525905435,98.05999755859375,111.41000366210938,-11.982771443042301,False,False,,
PANW,2023-07-12,new_pattern,2,3.308048304067226,0.5359868756618267,96.0,51.48994191689257,98.05999755859375,116.31999969482422,-15.698076155551233,False,False,,
PANW,2023-08-11,new_pattern,2,3.308048304067226,0.5359868756618267,92.66666666666666,53.86477126242186,98.05999755859375,108.9800033569336,-10.020192202210172,False,False,,
PANW,2023-09-13,new_pattern,2,7.908971497971051,0.5137626125962207,92.66666666666666,52.140532315343435,101.72000122070312,123.1449966430664,-17.398185883640284,True,False,2023-10-09,
PANW,2023-10-13,new_pattern,2,13.172185015263205,0.45916619773408784,100.0,46.840612819961784,129.44000244140625,129.6999969482422,-0.2004583754459843,True,False,2023-10-19,
PANW,2023-11-14,new_pattern,2,13.172185015263205,0.45916619773408784,100.0,46.840612819961784,129.44000244140625,130.5850067138672,-0.8768267516115588,True,True,2023-11-15,2023-11-20
PANW,2023-12-06,new_pattern,2,13.172185015263205,0.45916619773408784,100.0,46.18556114760158,129.44000244140625,143.60000610351562,-9.860726365082453,False,True,,2023-12-13
PANW,2024-08-21,new_pattern,2,4.928048580234439,0.37067713115687456,100.0,46.4262377254718,162.33999633789062,179.875,-9.748438450095552,False,False,,
PANW,2024-10-24,new_pattern,2,4.928048580234439,0.37067713115687456,96.0,30.52829958357901,162.33999633789062,182.2899932861328,-10.944098789299712,True,False,2024-11-22,
PANW,2024-11-25,new_pattern,2,7.865168539325842,0.5479078609012825,100.0,33.2895396724188,192.0,193.19000244140625,-0.6159751676421107,True,False,2024-12-18,
CRWD,2021-11-29,new_pattern,2,12.981036160018625,0.5705507273898193,93.33333333333334,63.14788227682643,297.3999938964844,224.57000732421875,32.430860843816376,False,False,,
CRWD,2023-06-08,new_pattern,2,12.081019681186076,0.6875225962578587,86.0,74.71002511538786,109.01000213623047,151.3000030517578,-27.951090589905984,False,False,,
CRWD,2023-08-22,new_pattern,2,9.751958340963593,0.5940253917446028,89.33333333333334,55.387622417617486,162.25,152.3300018310547,6.512176229044709,False,True,,2023-08-31
CRWD,2023-11-17,new_pattern,2,9.751958340963593,0.5940253917446028,96.0,44.36760450991083,162.25,207.08999633789062,-21.652420266949605,False,True,,2023-11-27
ZS,2023-07-31,new_pattern,2,13.013500248728294,0.6769204326798856,86.0,69.11574751761708,163.13499450683594,160.3800048828125,1.7177887143952086,True,False,2023-07-31,
ZS,2023-08-30,new_pattern,2,13.013500248728294,0.6769204326798856,92.66666666666666,76.12151335638112,163.13499450683594,147.27999877929688,10.765206313790245,True,False,2023-09-05,
ZS,2023-10-02,new_pattern,2,13.013500248728294,0.6769204326798856,92.66666666666666,91.53420179492443,163.13499450683594,160.88999938964844,1.3953602621070937,True,False,2023-10-02,
ZS,2023-11-01,new_pattern,2,13.013500248728294,0.6769204326798856,92.66666666666666,93.44164923560079,163.13499450683594,156.64999389648438,4.139802657532758,True,True,2023-11-02,2023-11-03
ZS,2023-11-29,new_pattern,2,13.013500248728294,0.6769204326798856,96.0,93.44164923560079,163.13499450683594,199.83999633789062,-18.367195007847005,False,True,,2023-12-01
ZS,2024-01-03,new_pattern,2,14.26427736167734,0.5740172418843845,100.0,30.73681422387879,167.5,210.24000549316406,-20.329149722436508,False,False,,
JPM,2023-03-01,new_pattern,2,5.020357800907846,0.6745138321467321,96.66666666666666,36.907594003673964,135.0454732778412,133.3707733154297,1.255672379173179,True,True,2023-03-01,2023-03-16
JPM,2023-03-27,new_pattern,2,5.020357800907846,0.6745138321467321,96.66666666666666,36.907594003673964,135.0454732778412,120.21613311767578,12.335565764413214,True,False,2023-04-17,
JPM,2023-04-27,new_pattern,2,3.324721116816228,0.19279633119396292,96.66666666666666,42.723069287108146,135.0454732778412,129.23118591308594,4.499136430323912,True,False,2023-05-01,
JPM,2024-04-10,new_pattern,2,3.290477738784602,0.4501457402163834,100.0,31.220648926620413,171.58318764804025,189.20362854003906,-9.312950828672925,False,False,,
JPM,2024-05-10,new_pattern,2,3.290477738784602,0.4501457402163834,100.0,32.70172618199711,171.58318764804025,192.39781188964844,-10.818534804099855,False,True,,2024-05-21
V,2023-05-11,new_pattern,2,5.409882420480935,0.45027089547053006,92.66666666666666,34.49236084888657,230.75650826484136,226.73081970214844,1.7755365450455232,True,False,2023-05-11,
MA,2022-12-27,new_contraction,3,6.09719555111188,0.751435325660598,90.0,30.550006512112127,355.97670355146386,340.1278076171875,4.659688381643357,True,True,2023-01-04,2023-01-06
BAC,2023-02-08,new_pattern,2,7.601087812606404,0.3391773166855788,86.0,30.39918081093872,35.656068185034954,33.9133415222168,5.138764228457076,False,False,,
BAC,2024-01-25,new_contraction,3,3.1718976264361674,0.545406856699897,96.66666666666666,30.522866971224833,28.75190827019624,31.989704132080078,-10.121368576950658,False,False,,
BAC,2024-02-27,new_contraction,3,3.1718976264361674,0.545406856699897,96.66666666666666,30.2844905269859,28.75190827019624,32.84238052368164,-12.454859204057655,True,True,2024-02-29,2024-03-15
BAC,2024-04-12,new_pattern,2,8.500773421776312,0.7772491516377045,95.66666666666666,40.091652518987324,33.627990296751065,34.530601501464844,-2.613945791461201,True,False,2024-04-16,
BAC,2024-05-14,new_pattern,2,8.500773421776312,0.7772491516377045,99.0,41.74738471188448,33.627990296751065,37.135589599609375,-9.445384712284751,False,False,,
BAC,2024-06-14,new_pattern,2,8.500773421776312,0.7772491516377045,96.0,36.928380306671805,33.627990296751065,38.08946228027344,-11.713139846116894,False,True,,2024-06-28
BAC,2024-10-09,new_contraction,3,5.418606529282368,0.770017067452853,100.0,30.80539329745146,43.13699091085721,39.26594161987305,9.858541859148918,False,True,,2024-11-06
WFC,2023-02-08,new_pattern,2,9.66039553859862,0.5588823337937826,89.33333333333334,30.251393008725447,42.387697595762994,44.896156311035156,-5.587246039268625,False,False,,
WFC,2023-07-24,new_pattern,2,7.175591045313791,0.45977824131112,90.0,38.55318620843212,39.49883953400788,43.531246185302734,-9.263246529010006,False,False,,
WFC,2023-09-18,new_pattern,2,7.175591045313791,0.45977824131112,86.0,38.55318620843212,39.49883953400788,41.04585266113281,-3.768987673119613,False,False,,
WFC,2024-03-13,new_pattern,2,7.652706453071264,0.759014883599699,99.0,32.84879301397332,49.049544026964426,55.52030944824219,-11.654771894436244,False,True,,2024-03-15
WFC,2024-05-24,new_pattern,2,7.652706453071264,0.759014883599699,96.0,46.68553138959166,49.049544026964426,58.14762878417969,-15.646527549702235,False,False,,
GS,2023-02-17,new_pattern,2,4.147444889888993,0.2740091241482392,96.66666666666666,35.38835620982273,360.73292374202003,343.4515686035156,5.031671629502499,False,False,,
GS,2024-03-18,new_pattern,2,4.2131942673418665,0.7474183897903516,95.66666666666666,34.56294189518538,384.92114880824437,372.216064453125,3.4133627128066584,True,True,2024-03-19,2024-03-21
GS,2024-06-17,new_pattern,2,4.2131942673418665,0.7474183897903516,99.0,30.69416135023994,384.92114880824437,438.583251953125,-12.235328847125231,False,False,,
GS,2024-10-08,new_pattern,2,11.740402250423102,0.6427461406878929,99.0,30.03603072975345,503.935301833347,486.6402893066406,3.5539623222212278,True,True,2024-10-09,2024-10-11
GS,2024-10-10,new_contraction,3,4.58694287357089,0.3906972500372025,100.0,34.38287611674971,503.935301833347,493.6473388671875,2.08407139189044,False,True,,2024-10-11
GS,2024-11-07,new_contraction,3,4.58694287357089,0.3906972500372025,100.0,34.42610469558562,503.935301833347,570.528564453125,-11.672204823541195,False,False,,
MS,2023-04-14,new_pattern,2,2.7777845739436424,0.417657037590087,90.0,34.00432728499296,91.33150988794901,78.98028564453125,15.638363602541597,False,False,,
MS,2024-01-18,new_pattern,2,5.384516152449372,0.19602660031778005,90.0,30.883388385533035,82.96034189023916,78.74637603759766,5.351314009205375,True,False,2024-01-23,
MS,2024-02-20,new_pattern,2,5.384516152449372,0.19602660031778005,93.33333333333334,34.911146359250864,82.96034189023916,80.89203643798828,2.556871533128533,True,True,2024-02-20,2024-03-04
MS,2024-05-30,new_pattern,2,6.811891931162093,0.517579450929371,92.66666666666666,35.77525147933614,88.36676942324176,93.00312805175781,-4.985164182795914,False,False,,
AXP,2023-04-25,new_pattern,2,8.35645024747951,0.6333678494435501,89.33333333333334,34.82471719108279,155.63533642718804,151.48455810546875,2.740066957075171,True,False,2023-04-25,
AXP,2023-05-30,new_pattern,2,8.35645024747951,0.6333678494435501,86.0,31.71529874530346,155.63533642718804,153.31845092773438,1.5111589540815997,True,False,2023-05-30,
UNH,2024-10-10,new_pattern,2,6.031959342157556,0.5200847380439787,92.66666666666666,32.004988161602874,512.9460317920942,585.0126342773438,-12.318811297857213,False,False,,
LLY,2021-11-29,new_pattern,2,0.029531845896939985,0.001168116608924831,99.0,55.66345980611774,264.90244636495567,245.4933319091797,7.906167676666828,False,True,,2021-12-15
LLY,2022-07-05,new_pattern,2,5.564117893800012,0.6803563820600765,96.0,32.301769726906656,242.6514554276604,317.574951171875,-23.592382040126704,False,False,,
LLY,2022-08-04,new_pattern,2,6.187246191369075,0.4608043835243021,92.66666666666666,35.51265986746017,303.7582955907971,296.8128662109375,2.340002799920291,True,False,2022-08-04,
LLY,2022-09-06,new_pattern,2,6.187246191369075,0.4608043835243021,92.66666666666666,40.23895644165912,303.7582955907971,298.78485107421875,1.6645571215198391,True,False,2022-09-06,
LLY,2022-10-06,new_pattern,2,4.861963409842124,0.3359701410562288,100.0,31.358495586258307,321.1372106644013,324.2306213378906,-0.954077273986273,True,False,2022-10-07,
LLY,2023-08-02,new_pattern,2,4.586163444140939,0.5606394156998006,100.0,40.426889264766245,461.52313057363494,446.4065246582031,3.386286956044391,False,True,,2023-08-08
LLY,2023-09-19,new_pattern,2,4.586163444140939,0.5606394156998006,100.0,49.89078682458502,461.52313057363494,565.9569091796875,-18.452602470640663,False,False,,
LLY,2023-10-19,new_pattern,2,4.586163444140939,0.5606394156998006,100.0,45.73166702133226,461.52313057363494,581.548828125,-20.638971612812938,False,True,,2023-11-02
LLY,2024-01-19,new_pattern,2,11.228646128252816,0.7465907618323816,96.0,45.35165929819972,620.105432612997,619.8804931640625,0.03628755081263026,True,True,2024-01-19,2024-02-05
LLY,2024-02-21,new_pattern,2,11.228646128252816,0.7465907618323816,96.0,41.37413958131383,620.105432612997,736.8759765625,-15.846702520311954,False,False,,
LLY,2024-10-02,new_pattern,2,8.905944879685688,0.30462783379826813,100.0,30.39033460336557,963.7336556480976,883.010498046875,9.141811765519622,False,False,,
LLY,2024-11-01,new_pattern,2,13.241574639806764,0.45292804447996743,93.33333333333334,34.72737327725576,963.7336556480976,811.5228881835938,18.75618909593449,False,False,,
ABBV,2022-06-09,new_pattern,2,9.790058360022941,0.3971075194945072,95.66666666666666,37.42564242172497,153.26989889885033,127.78973388671875,19.939133009478585,False,True,,2022-06-17
ABBV,2022-07-21,new_pattern,2,4.650504926693981,0.16327723182704518,96.66666666666666,39.29103016069263,153.26989889885033,131.042724609375,16.961776669198745,False,False,,
ABBV,2024-05-21,new_pattern,2,3.0741302854089683,0.20580972299365508,96.66666666666666,33.608959672993954,172.10809047957915,154.75668334960938,11.212056729576823,False,True,,2024-05-31
PFE,2022-04-11,new_pattern,2,9.7875655132013,0.2804503767713458,100.0,52.05588243482959,50.24560378373266,44.24482345581055,13.562672103134021,False,False,,
PFE,2022-05-12,new_pattern,2,9.7875655132013,0.2804503767713458,96.66666666666666,52.05588243482959,50.24560378373266,41.677696228027344,20.55753635908404,False,False,,
PFE,2022-06-23,new_pattern,2,9.7875655132013,0.38317592890289753,90.0,34.89945574643035,46.76073210176882,41.429561614990234,12.868034994726166,True,False,2022-07-07,
PFE,2022-08-04,new_pattern,2,8.971137347494492,0.4331863483280107,90.0,30.72413714070472,46.20560781435136,41.559326171875,11.179877227221986,False,False,,
PFE,2023-01-06,new_pattern,2,3.6677238658419355,0.13829371827471063,86.0,30.614946903704087,43.712363452035355,42.80662155151367,2.115892045887595,True,False,2023-01-06,
MRK,2022-09-28,new_pattern,2,4.657952303240414,0.37206810010697444,92.66666666666666,33.59191936730297,86.82327202839946,79.34879302978516,9.419776550109095,False,False,,
MRK,2023-03-08,new_pattern,2,4.983020796657125,0.3690118803269879,100.0,31.556386329473558,106.29993045807575,99.66366577148438,6.658660039464586,True,False,2023-04-05,
MRK,2023-04-10,new_pattern,2,4.983020796657125,0.3690118803269879,96.66666666666666,37.759965376186216,106.29993045807575,104.36971282958984,1.849403985270591,True,False,2023-04-10,
MRK,2023-05-10,new_pattern,2,4.983020796657125,0.3690118803269879,100.0,33.44257881606481,106.29993045807575,109.2726058959961,-2.720421475762817,True,False,2023-05-18,
MRK,2024-05-13,new_pattern,2,4.764905591166821,0.6898025256542399,95.66666666666666,30.106190442172203,126.44968567196328,123.1075210571289,2.7148338185474623,True,False,2024-05-13,
MRK,2024-06-27,new_pattern,2,4.079531404048927,0.4813055535130479,92.66666666666666,35.18452581145956,126.73534845051302,124.3517074584961,1.9168542521319953,True,False,2024-06-27,
TMO,2024-05-14,new_pattern,2,3.7358086216331845,0.26816939067356654,92.66666666666666,37.24371288365916,600.5106423781741,591.9292602539062,1.4497310237015322,True,False,2024-05-14,
TMO,2024-06-14,new_pattern,2,3.7358086216331845,0.26816939067356654,92.66666666666666,38.185011032352065,600.5106423781741,569.6769409179688,5.412488946896886,False,False,,
DHR,2021-12-13,new_pattern,2,8.915060747271175,0.49172703701301945,96.0,40.24059892915794,290.54190050779386,277.2920837402344,4.778288867406626,True,False,2021-12-27,
DHR,2022-01-13,new_pattern,2,9.133670542431393,0.503784873732647,92.33333333333334,37.53966361914311,290.54190050779386,254.42137145996094,14.197128504009072,False,False,,
DHR,2024-01-23,new_pattern,2,4.488125943833576,0.14431051201654913,96.66666666666666,30.270589293915144,236.29500064151708,229.9784393310547,2.746588475352544,True,True,2024-01-23,2024-01-30
DHR,2024-05-09,new_pattern,2,5.794114539640373,0.4778425459210594,92.66666666666666,37.37592212520383,256.6325481837997,249.40277099609375,2.89883595071171,True,True,2024-05-09,2024-05-16
HD,2024-06-14,new_pattern,2,3.469886653573253,0.15368595199644755,92.33333333333334,35.911936831672975,382.6783814803019,336.76226806640625,13.634577792082519,False,False,,
NKE,2021-11-29,new_pattern,2,7.483632573361206,0.36349699748776576,95.66666666666666,37.65392949190452,168.80679719058674,160.10723876953125,5.43358219647907,False,False,,
NKE,2021-12-30,new_pattern,2,14.992393792688945,0.7282145502700662,95.66666666666666,37.65392949190452,168.80679719058674,158.1477813720703,6.739908537470547,False,False,,
NKE,2023-04-04,new_pattern,2,7.881898000563177,0.6025394317132635,92.66666666666666,52.936963809984746,125.31791884734838,118.38224792480469,5.858708585217243,True,False,2023-05-01,
NKE,2023-05-05,new_pattern,2,7.881898000563177,0.6025394317132635,92.66666666666666,60.1958427147852,125.31791884734838,121.15779876708984,3.4336378859571624,False,False,,
NKE,2023-06-07,new_pattern,2,7.881898000563177,0.6025394317132635,86.0,48.45923670849246,125.31791884734838,102.83194732666016,21.866717596291714,False,False,,
SBUX,2022-10-04,new_contraction,3,6.259088373387008,0.4021252867191885,90.0,35.75969615759785,75.65072087873293,81.83210754394531,-7.553742474361755,False,False,,
SBUX,2022-11-08,new_pattern,2,6.259088373387008,0.4021252867191885,86.0,31.2450716594386,74.74023790060205,85.752197265625,-12.841606065104582,False,False,,
SBUX,2023-02-09,new_pattern,2,3.5710874431304696,0.3665221014428911,92.66666666666666,31.787295665774984,100.05353741950859,99.10638427734375,0.9556933683649287,True,False,2023-02-09,
SBUX,2023-04-04,new_pattern,2,3.5710874431304696,0.3665221014428911,92.66666666666666,31.768012185441197,100.05353741950859,97.19059753417969,2.945696351256683,True,False,2023-04-04,
SBUX,2023-05-05,new_pattern,2,3.5710874431304696,0.3665221014428911,96.0,35.22619810465223,100.05353741950859,100.1904296875,-0.13663207994854276,True,False,2023-05-09,
SBUX,2024-09-23,new_pattern,2,5.4535766622402235,0.21838654378897823,86.0,34.99997694282075,85.69992633896702,92.43888092041016,-7.290173262964289,False,False,,
SBUX,2024-11-06,new_pattern,2,8.353787531806878,0.5031255278892974,89.33333333333334,34.73316009216956,80.287424068621,93.01976776123047,-13.687782714413704,True,False,2024-11-15,
SBUX,2024-12-09,new_pattern,2,6.2119732113935715,0.6559668455425096,96.66666666666666,40.48880038595238,96.3405206015347,96.74158477783203,-0.41457267546151194,True,False,2024-12-10,
TGT,2021-11-29,new_pattern,2,4.158233150854729,0.21420335286006803,96.0,32.14023330845114,234.03043006698908,219.8420867919922,6.453879455948519,False,False,,
TGT,2024-01-16,new_pattern,2,6.172619479255129,0.19658047597053105,90.0,33.20187001894639,124.51339638719281,131.2165985107422,-5.108501667950652,False,False,,
TGT,2024-02-15,new_pattern,2,6.172619479255129,0.2865803087551158,86.0,33.20187001894639,115.16912767245044,136.10916137695312,-15.384734938237877,False,True,,2024-02-16
TGT,2024-07-17,new_pattern,2,5.146052483661231,0.17393653535358902,92.33333333333334,36.01115832809274,170.41041350312597,147.1186981201172,15.831920538062347,False,False,,
TGT,2024-10-28,new_pattern,2,6.974383701897849,0.44390011496550813,93.33333333333334,30.843757840542818,159.17573727302405,141.9650115966797,12.12321647621159,False,False,,
COST,2022-02-01,new_pattern,2,5.68384416519532,0.6250999786417376,99.0,32.534851501029635,540.1460623610506,484.7155456542969,11.435679586453203,False,False,,
COST,2022-03-04,new_pattern,2,5.68384416519532,0.6250999786417376,99.0,32.012636591441016,540.1460623610506,501.7684631347656,7.648467778649019,True,False,2022-03-17,
COST,2022-04-05,new_pattern,2,5.68384416519532,0.6250999786417376,96.0,31.236608127529287,540.1460623610506,549.3385620117188,-1.6733759991296764,False,True,,2022-04-07
COST,2022-05-03,new_pattern,2,5.68384416519532,0.6250999786417376,96.0,31.236608127529287,540.1460623610506,505.0523376464844,6.9485322804565115,False,False,,
COST,2024-04-26,new_pattern,2,5.555555028901446,0.43132455885201465,100.0,33.81114314327177,779.5922705539319,723.4022827148438,7.7674606759898195,True,False,2024-05-07,
COST,2024-05-29,new_pattern,2,5.555555028901446,0.43132455885201465,100.0,45.25621327111752,779.5922705539319,800.1295776367188,-2.566747643981151,False,False,,
COST,2024-07-01,new_pattern,2,5.555555028901446,0.43132455885201465,100.0,38.31851632382186,779.5922705539319,838.9693603515625,-7.077384777526217,False,False,,
COST,2024-11-20,new_pattern,2,5.782201502606163,0.4478029424624696,99.0,31.298466899249718,912.9467174705695,923.2623291015625,-1.1173001763248824,False,False,,
WMT,2024-11-15,new_contraction,3,2.6101950287969595,0.786845649450049,100.0,30.979923446150508,82.53524325385477,83.43645477294922,-1.080117223996226,False,False,,
CAT,2023-01-10,new_pattern,2,3.74683457259811,0.6006630251751246,93.33333333333334,43.67553811835854,232.82744744836646,238.0150909423828,-2.1795439413008264,False,True,,2023-01-12
CAT,2023-03-16,new_pattern,2,3.74683457259811,0.6006630251751246,96.66666666666666,50.34554123170376,232.82744744836646,208.792236328125,11.511544463017868,False,False,,
CAT,2023-04-18,new_pattern,2,3.74683457259811,0.6006630251751246,92.66666666666666,63.28959189208787,232.82744744836646,214.98793029785156,8.297915667079273,False,False,,
CAT,2023-11-30,new_pattern,2,5.148657360125752,0.16791641238856145,89.0,43.645638964002295,283.4733633201462,243.09130859375,16.611887508443164,True,False,2023-12-14,
CAT,2024-01-03,new_pattern,2,5.148657360125752,0.16791641238856145,92.33333333333334,43.645638964002295,283.4733633201462,275.6495361328125,2.838324089747072,True,False,2024-01-03,
CAT,2024-02-05,new_pattern,2,5.148657360125752,0.1795548407364778,95.66666666666666,30.662025747737342,279.1615402430273,313.06439208984375,-10.829354185092688,False,False,,
CAT,2024-03-18,new_pattern,2,5.148657360125752,0.22865891150457718,96.0,30.957268724873053,265.80207398656404,342.7734069824219,-22.45545641170614,False,False,,
CAT,2024-07-17,new_pattern,2,4.2438837477023625,0.20694428248381436,100.0,48.108923336769486,372.10245619892515,349.790771484375,6.378580149461379,False,False,,
DE,2022-10-31,new_pattern,2,6.825283837073069,0.23239479970046256,89.33333333333334,56.83982439820896,351.1654862115984,379.81451416015625,-7.542899726174604,False,True,,2022-11-03
GE,2022-12-08,new_pattern,2,8.166839171152883,0.2615857687755943,90.0,35.65827403133249,49.830640423898785,51.32235336303711,-2.906555996344219,True,False,2022-12-15,
GE,2023-01-11,new_pattern,2,8.166839171152883,0.2615857687755943,90.0,35.65827403133249,49.830640423898785,61.133338928222656,-18.488600005300704,False,True,,2023-01-13
GE,2023-10-04,new_pattern,2,4.001070046684544,0.5544049237106664,99.0,33.984097138596795,92.9760706049016,85.8572998046875,8.291398420877702,False,False,,
GE,2024-06-11,new_pattern,2,6.820321001665642,0.798546580363852,99.0,62.07886530473892,169.2124407718176,158.86947631835938,6.510353463198873,False,False,,
GE,2024-07-15,new_pattern,2,7.337378960010691,0.6394955006203618,96.0,68.67002618709698,169.2124407718176,158.344482421875,6.863490399992118,False,True,,2024-07-23
GE,2024-08-06,new_pattern,2,7.337378960010691,0.6394955006203618,96.0,73.38705240609544,169.2124407718176,161.0338592529297,5.078796196545303,True,False,2024-08-08,
GE,2024-09-06,new_pattern,2,7.337378960010691,0.6394955006203618,96.0,58.76267427514892,169.2124407718176,160.00177001953125,5.756605537027503,True,True,2024-09-10,2024-09-13
GE,2024-10-23,new_pattern,2,7.337378960010691,0.7057338432080756,96.0,32.70816521389301,167.57776416933294,180.5729522705078,-7.1966415444697365,False,False,,
HON,2023-02-10,new_pattern,2,6.234515233418231,0.38419302177256887,89.33333333333334,30.39882150763927,170.2879369512785,177.130126953125,-3.86280421040808,False,False,,
UNP,2022-03-29,new_pattern,2,4.487100988776184,0.7192010981951282,95.66666666666666,30.07941648867173,228.00748248421965,252.02041625976562,-9.528170031587862,True,False,2022-04-06,
UNP,2022-05-04,new_pattern,2,4.487100988776184,0.7192010981951282,86.0,31.33909011275841,228.00748248421965,218.38209533691406,4.407589886183571,False,False,,
UNP,2023-10-19,new_pattern,2,3.9385120613640834,0.6197303049435731,89.33333333333334,31.80353994997723,196.59842572180034,201.02723693847656,-2.2030901305337247,False,False,,
UNP,2024-05-21,new_pattern,2,3.245238820773027,0.6077577080033058,92.33333333333334,30.07523303672058,241.8693031370397,226.9930419921875,6.553619888209705,False,True,,2024-05-31
UPS,2023-02-01,new_pattern,2,5.781405496793153,0.5041933176895922,90.0,35.20368348996466,164.48731888748563,158.8040771484375,3.5787757097293436,True,False,2023-02-02,
UPS,2023-03-06,new_pattern,2,5.781405496793153,0.5041933176895922,93.33333333333334,35.20368348996466,164.48731888748563,161.52786254882812,1.8321646135587857,True,False,2023-03-06,
LMT,2022-05-24,new_pattern,2,6.570849377051627,0.393848632182832,96.66666666666666,35.860956792727926,437.30159667973516,403.40087890625,8.40372927927201,False,False,,
LMT,2022-07-20,new_pattern,2,6.814680086152773,0.32660314495178755,86.0,44.95069307495217,437.30159667973516,362.32232666015625,20.69407941562112,False,False,,
LMT,2023-01-26,new_pattern,2,7.866514181192431,0.4919981322073916,92.33333333333334,32.30827498902897,408.40785133923464,426.9768371582031,-4.348944533515367,False,False,,
LMT,2023-03-02,new_pattern,2,7.866514181192431,0.5745538552635785,92.66666666666666,31.584668644715425,400.31851428985163,446.9522399902344,-10.43371562505239,False,False,,
LMT,2023-04-03,new_pattern,2,5.0203732343751675,0.3582286364143372,95.66666666666666,31.584668644715425,463.3219803873063,454.7174377441406,1.8922834113978457,True,True,2023-04-03,2023-04-18
LMT,2023-05-05,new_pattern,2,5.0203732343751675,0.3582286364143372,89.0,31.584668644715425,463.3219803873063,425.67498779296875,8.84406969494002,False,False,,
XOM,2022-04-05,new_pattern,2,7.1840250926107725,0.35896568878777374,100.0,32.382412103672685,80.27123289903194,72.56953430175781,10.612853825475876,False,True,,2022-05-04
XOM,2022-06-13,new_pattern,2,7.1840250926107725,0.35896568878777374,100.0,59.635094830358845,80.27123289903194,84.93944549560547,-5.495930152752228,False,True,,2022-06-21
XOM,2022-07-07,new_pattern,2,7.1840250926107725,0.35896568878777374,100.0,59.635094830358845,80.27123289903194,76.15750122070312,5.401610625862442,True,False,2022-07-19,
XOM,2022-08-08,new_pattern,2,7.1840250926107725,0.35896568878777374,96.0,52.05104229977208,80.27123289903194,78.82486724853516,1.834910353780096,True,False,2022-08-08,
XOM,2022-09-09,new_contraction,3,10.044398956399212,0.7710242221327395,100.0,44.065101425181126,93.55302038633647,86.3463363647461,8.346253384912295,True,False,2022-10-06,
XOM,2022-10-11,new_pattern,2,13.02734553347141,0.4224986700536804,99.0,39.87065971414875,93.55302038633647,87.68850708007812,6.6878927484793484,True,True,2022-10-13,2022-10-28
XOM,2023-01-27,new_pattern,2,5.2458208002142515,0.4376647825818852,96.0,41.290181719215035,103.40344357490969,104.27835845947266,-0.839018658797742,True,True,2023-01-30,2023-01-31
XOM,2023-03-16,new_pattern,2,5.2458208002142515,0.4376647825818852,92.66666666666666,37.7552671064853,103.40344357490969,91.82864379882812,12.604781359331449,False,True,,2023-04-03
XOM,2024-07-17,new_pattern,2,5.723603944656914,0.42488298593165025,93.33333333333334,30.416739943171656,116.50424432202115,111.65155792236328,4.346277373963896,True,False,2024-08-15,
XOM,2024-08-16,new_pattern,2,5.723603944656914,0.42488298593165025,96.66666666666666,30.416739943171656,116.50424432202115,113.05753326416016,3.0486345830734844,True,False,2024-08-19,
RTX,2022-05-24,new_pattern,2,5.1787420355022515,0.47435641128256395,93.33333333333334,31.0537269337646,95.81801226072793,86.10845184326172,11.275966771693868,False,False,,
RTX,2022-06-27,new_pattern,2,5.1787420355022515,0.47435641128256395,93.33333333333334,32.81026278489091,95.81801226072793,87.58653259277344,9.398111129967997,False,False,,
RTX,2023-04-04,new_pattern,2,5.3549136052805295,0.47109180531853,95.66666666666666,30.259741717708188,97.15577928090929,93.51773071289062,3.890223319455705,True,False,2023-04-12,
RTX,2024-02-12,new_contraction,3,2.9254930470009834,0.5273176156325491,90.0,43.10876797345461,83.35239683144518,87.41929626464844,-4.652175900491523,False,False,,
RTX,2024-04-18,new_pattern,2,2.585741751036616,0.6959538633274353,89.33333333333334,35.73652305888787,89.02111995356341,97.23455810546875,-8.44703602498646,False,False,,
RTX,2024-07-19,new_pattern,2,2.585741751036616,0.6959538633274353,92.66666666666666,31.25886102038432,89.02111995356341,99.85924530029297,-10.853402020151016,False,False,,
COP,2021-12-21,new_pattern,2,4.998150489924606,0.39961811466386077,96.0,30.22759082856868,49.508944726611354,60.86296463012695,-18.655055619645907,False,False,,
COP,2022-04-05,new_pattern,2,9.893680370871138,0.7536174721017137,99.0,50.022220309085306,93.30997928149165,85.34587097167969,9.331568380683223,False,False,,
COP,2022-05-19,new_pattern,2,12.820773889088136,0.6175389289515412,96.0,44.101428485427576,93.75422212281943,91.46473693847656,2.503134279916947,True,False,2022-05-19,
COP,2022-06-22,new_pattern,2,12.820773889088136,0.6175389289515412,96.0,64.03365525866195,93.75422212281943,81.36610412597656,15.22515810473454,False,False,,
COP,2022-07-25,new_pattern,2,12.820773889088136,0.6175389289515412,92.66666666666666,64.03365525866195,93.75422212281943,81.1075439453125,15.592480751277668,True,False,2022-08-18,
COP,2022-08-24,new_pattern,2,12.820773889088136,0.6175389289515412,92.66666666666666,47.29542379588764,93.75422212281943,97.8198471069336,-4.15623731211699,False,False,,
COP,2022-11-21,new_pattern,2,11.272714363478546,0.46091588708485726,96.0,57.247263501861276,86.2797412251965,113.09730529785156,-23.71193902633549,False,False,,
COP,2023-01-11,new_pattern,2,7.785627665044852,0.29313639883005316,100.0,60.597135998832506,124.33834226822465,107.2281265258789,15.956835484033464,False,False,,
COP,2023-08-18,new_pattern,2,7.4202216337751095,0.4958907423593989,86.0,37.473823294996365,100.8385454439102,109.17845153808594,-7.638784006078734,False,True,,2023-09-01
COP,2023-11-29,new_pattern,2,4.610937077598855,0.7384119911289988,96.66666666666666,32.643011629409685,110.8726053525479,107.15814208984375,3.4663378724780944,True,True,2023-11-30,2023-12-11
CVX,2022-05-17,new_pattern,2,8.29796082733986,0.5367424540750669,99.0,32.46769964704882,150.2706069072963,149.6428680419922,0.4194913352823179,True,False,2022-05-17,
CVX,2022-06-17,new_pattern,2,8.29796082733986,0.5367424540750669,99.0,59.482372249079404,150.2706069072963,128.6368408203125,16.81770630328454,False,False,,
CVX,2022-07-21,new_pattern,2,8.29796082733986,0.5367424540750669,96.66666666666666,59.482372249079404,150.2706069072963,126.05338287353516,19.211879508269455,False,False,,
CVX,2022-08-22,new_pattern,2,8.29796082733986,0.5367424540750669,92.66666666666666,45.962808880509634,150.2706069072963,137.2591552734375,9.479478150611047,False,False,,
CVX,2022-09-22,new_pattern,2,8.29796082733986,0.541837180234287,89.33333333333334,40.898395282627945,150.08141589261348,135.5007781982422,10.760556425026083,False,False,,
CVX,2023-01-11,new_pattern,2,5.490199898331636,0.4342992161805754,96.66666666666666,37.61884608486361,165.93573108289905,154.45396423339844,7.433779318315385,True,False,2023-01-26,
SLB,2021-11-29,new_pattern,2,10.47775323144567,0.35427382536154556,92.33333333333334,42.35518844206174,30.649304579949394,27.198640823364258,12.686897771821512,True,False,2021-12-14,
SLB,2021-12-30,new_pattern,2,10.47775323144567,0.6651320155585534,89.33333333333334,42.35518844206174,27.37979980325292,27.470396041870117,-0.3297958954763981,False,True,,2022-01-20
SLB,2022-04-05,new_pattern,2,8.783296692977673,0.3809134099428919,100.0,33.467389474356004,40.40057962007122,37.388099670410156,8.057322988376466,True,False,2022-04-08,
SLB,2022-05-17,new_pattern,2,17.965381111385632,0.7122544564872756,100.0,54.69353489759081,42.75697433413557,39.68903732299805,7.729935564246576,True,True,2022-05-25,2022-06-08
SLB,2022-06-15,new_pattern,2,17.965381111385632,0.7122544564872756,96.66666666666666,67.86281794133973,42.75697433413557,38.50739669799805,11.03574378051491,False,False,,
SLB,2022-07-22,new_pattern,2,17.965381111385632,0.7122544564872756,90.0,67.86281794133973,42.75697433413557,32.52539825439453,31.45718923936202,False,False,,
SLB,2023-01-11,new_pattern,2,7.33213562943231,0.38070657256159657,100.0,62.577491353492455,52.213863735288335,52.65408706665039,-0.8360667820615973,True,False,2023-01-24,
SLB,2023-02-13,new_pattern,2,7.33213562943231,0.38070657256159657,100.0,83.68285065786199,52.213863735288335,53.83314895629883,-3.007970465047496,True,False,2023-02-27,
SLB,2023-03-16,new_pattern,2,7.33213562943231,0.38070657256159657,93.33333333333334,65.79882801326342,52.213863735288335,43.37837600708008,20.368415190937895,False,False,,
SLB,2023-04-18,new_pattern,2,7.33213562943231,0.38070657256159657,92.66666666666666,76.48871394575062,52.213863735288335,49.004981994628906,6.548072481714476,False,False,,
SLB,2023-08-01,new_pattern,2,7.300549392755555,0.23262675301869476,92.33333333333334,35.02978595970269,52.734136583945975,54.40924835205078,-3.078726170349067,False,False,,
SLB,2023-08-31,new_pattern,2,7.300549392755555,0.281545513433204,95.66666666666666,35.32975786692033,50.54549300902998,55.68423843383789,-9.22836617567032,False,False,,
EOG,2021-12-06,new_pattern,2,6.601057657928033,0.20705615980731937,99.0,37.60426693190691,67.0429425057496,71.20118713378906,-5.840133845277058,False,False,,
EOG,2022-04-05,new_pattern,2,7.89632619776637,0.7585925422955051,100.0,52.938671768669906,105.57463307489415,99.6065444946289,5.991663108629437,True,False,2022-04-11,
EOG,2022-06-14,new_pattern,2,7.89632619776637,0.7585925422955051,100.0,52.9695703292671,105.57463307489415,113.166259765625,-6.7083834938555205,True,False,2022-06-16,
EOG,2022-07-19,new_pattern,2,7.89632619776637,0.7585925422955051,89.33333333333334,61.156329089493425,105.57463307489415,90.01558685302734,17.28483562215818,False,False,,
EOG,2022-08-18,new_pattern,2,7.89632619776637,0.7585925422955051,92.66666666666666,40.000775452204294,105.57463307489415,103.3676528930664,2.135078160390138,True,False,2022-08-18,
EOG,2022-10-19,new_pattern,2,8.419319864754296,0.3793394676689245,99.0,57.206463694722274,114.60882999873397,115.0666732788086,-0.39789390535803937,False,True,,2022-11-02
EOG,2023-02-06,new_pattern,2,8.419319864754296,0.3793394676689245,92.66666666666666,66.7199130364599,114.60882999873397,111.55648803710938,2.7361402418918273,True,False,2023-02-06,
EOG,2023-08-08,new_contraction,3,9.657707647123342,0.6314922869904525,87.0,38.7400998742727,112.20787835433873,118.3318862915039,-5.175281261112518,False,True,,2023-09-05
EOG,2023-10-17,new_contraction,3,4.579864358429636,0.7691572015610557,90.33333333333334,31.105133569276756,125.26222172963742,124.53692626953125,0.5823938986067746,True,False,2023-10-17,
NFLX,2023-01-12,new_pattern,2,13.325360817844334,0.6274169036850423,90.0,53.39055379407159,31.270999908447266,33.01300048828125,-5.276710853508602,False,False,,
NFLX,2023-02-14,new_pattern,2,13.325360817844334,0.6274169036850423,96.66666666666666,84.27225205506427,31.270999908447266,35.99599838256836,-13.126454846184377,True,False,2023-03-02,
NFLX,2023-03-17,new_pattern,2,13.325360817844334,0.6274169036850423,92.66666666666666,57.14352633831048,31.270999908447266,30.350000381469727,3.0345947789175574,True,True,2023-03-20,2023-03-23
NFLX,2023-04-26,new_pattern,2,10.661179584986048,0.3232682806769864,96.0,74.28800756705628,37.94300079345703,32.1150016784668,18.147279496790205,True,False,2023-05-18,
NFLX,2023-06-09,new_pattern,2,10.829476071966544,0.32837136664945976,96.0,50.51371075669285,37.94300079345703,42.00199890136719,-9.66382128012968,False,True,,2023-06-14
NFLX,2023-07-19,new_pattern,2,10.829476071966544,0.32837136664945976,96.0,38.77693333830035,37.94300079345703,47.75899887084961,-20.55319062264497,False,False,,
NFLX,2024-11-13,new_pattern,2,7.646793680072064,0.4064257895940281,100.0,31.239281479134938,71.13300323486328,83.0469970703125,-14.346086259280547,False,True,,2024-11-18
PYPL,2024-03-28,new_pattern,2,6.905139882535686,0.3095656610563405,92.33333333333334,30.805973935397812,63.98208843404006,66.83549499511719,-4.269298164524092,True,False,2024-04-15,
PYPL,2024-04-30,new_pattern,2,6.905139882535686,0.3095656610563405,89.0,35.74128736271951,63.98208843404006,67.76334381103516,-5.58008971272065,True,False,2024-05-08,
PYPL,2024-05-31,new_pattern,2,6.905139882535686,0.3095656610563405,92.33333333333334,35.74128736271951,68.05267861868715,62.844722747802734,8.28702179462874,True,False,2024-06-06,
SHOP,2021-11-29,new_pattern,2,10.147482167119565,0.725904502916376,100.0,60.96383239394447,158.7740020751953,156.70199584960938,1.3222589886950074,True,False,2021-11-29,
SHOP,2021-12-30,new_pattern,2,13.4117095760516,0.5708743138006936,89.33333333333334,39.53488372093023,158.8000030517578,139.82400512695312,13.5713448542512,False,False,,
SHOP,2023-04-14,new_pattern,2,8.781608493848779,0.564491579210286,96.66666666666666,90.68981368439958,47.31999969482422,46.38999938964844,2.004743085604143,True,True,2023-04-14,2023-05-04
SHOP,2023-07-14,new_pattern,2,8.781608493848779,0.564491579210286,100.0,68.97991806477981,47.31999969482422,68.44999694824219,-30.869244989733474,False,False,,
SHOP,2023-08-15,new_pattern,2,8.781608493848779,0.564491579210286,96.0,84.10113405811155,47.31999969482422,55.34000015258789,-14.492230639050025,True,False,2023-08-31,
SHOP,2023-09-15,new_pattern,2,11.320446998559417,0.619939705197905,100.0,72.62942034883851,67.36000061035156,62.380001068115234,7.983327119213202,False,True,,2023-09-29
UBER,2023-03-02,new_pattern,2,17.246593698319348,0.5419683698616791,92.66666666666666,55.03614141465657,31.0,33.689998626708984,-7.984561402078507,True,False,2023-03-13,
UBER,2023-04-19,new_pattern,2,5.69079431346585,0.2241170108292628,96.66666666666666,49.62946802019129,37.58000183105469,32.040000915527344,17.290888755382426,False,True,,2023-04-28
UBER,2023-09-28,new_pattern,2,11.969040254130215,0.7860400857529459,99.0,54.82547139482868,49.4900016784668,46.13999938964844,7.2605165434179355,False,False,,
UBER,2024-06-28,new_pattern,2,6.312284999694186,0.20650330619893614,96.66666666666666,49.45414985069513,82.13999938964844,72.68000030517578,13.015959059921714,False,False,,
UBER,2024-10-01,new_pattern,2,7.6338131476631546,0.44018624259520683,96.66666666666666,30.567476695085986,73.81999969482422,74.23999786376953,-0.5657303085002906,True,False,2024-10-02,
COIN,2024-07-12,new_pattern,2,12.695152411227467,0.47012142665031215,100.0,147.55917011430765,263.79998779296875,218.02000427246094,20.998065601033694,True,False,2024-07-19,
COIN,2024-10-18,new_pattern,2,12.695152411227467,0.47012142665031215,89.33333333333334,45.42657448196202,263.79998779296875,220.2100067138672,19.794732187507165,False,True,,2024-11-08
COIN,2024-11-12,new_pattern,2,12.695152411227467,0.47012142665031215,89.33333333333334,69.14912153772377,263.79998779296875,319.1300048828125,-17.337767130408636,False,False,,
ABNB,2021-12-10,new_pattern,2,7.957593291050133,0.382639752318913,86.0,30.637567016736906,157.41000366210938,180.4199981689453,-12.753572076466476,True,False,2022-01-03,
ABNB,2022-01-12,new_pattern,2,7.017435263323122,0.6902697698837992,93.33333333333334,35.79925564367946,176.9600067138672,169.5399932861328,4.376556400596059,True,False,2022-02-10,
ABNB,2022-02-14,new_pattern,2,7.017435263323122,0.6902697698837992,86.0,63.13713730076689,176.9600067138672,169.66000366210938,4.302724799120196,False,True,,2022-02-15
ABNB,2023-03-31,new_pattern,2,8.700928129503072,0.2929469908960692,93.33333333333334,57.95385068779114,144.6300048828125,124.4000015258789,16.262060376844246,False,False,,
ABNB,2023-05-03,new_pattern,2,8.302091885782472,0.2417644612697447,92.33333333333334,48.21144682970775,144.6300048828125,118.86000061035156,21.68097269067035,False,False,,
ABNB,2023-10-04,new_pattern,2,15.561922976014419,0.6081818285076964,92.66666666666666,33.35585926430977,154.9499969482422,127.41000366210938,21.615251938276934,False,False,,
ABNB,2024-01-12,new_contraction,3,5.224444242352048,0.6111420686773149,96.66666666666666,31.928481033954803,151.15499877929688,137.13999938964844,10.219483339669837,True,True,2024-01-26,2024-02-12
ABNB,2024-04-03,new_pattern,2,7.704035373386392,0.5276662026519816,96.66666666666666,33.48787739175302,149.9199981689453,159.33999633789062,-5.911885518667646,False,False,,
ABNB,2024-05-03,new_pattern,2,7.704035373386392,0.5276662026519816,96.0,35.45282293996916,149.9199981689453,159.7100067138672,-6.129865464511207,True,False,2024-05-09,
ABNB,2024-07-18,new_pattern,2,7.999721354808492,0.38474073317666074,86.0,30.025987295618318,170.10000610351562,146.8800048828125,15.808823834959082,False,False,,
