symbol,pattern,detector,entry_date,entry_price,stop_loss,target_price,exit_date,exit_price,exit_reason,pnl_pct,days_held,max_gain_pct,max_drawdown_pct,rs_rating,volume_ratio,num_contractions,proximity_score,spy_above_200ma,spy_distance_from_200ma
AAPL,VCP,v3,2023-05-05,171.25148010253906,159.26387649536133,0,2023-08-04,186.05995371165574,trailing_stop,8.647209122075855,62,14.365483286395644,1.6790385280098103,82.09118402497097,1.8897645874467937,2,97.5,True,4.824761175168732
AAPL,VCP,v3,2023-09-07,175.66737365722656,163.3706575012207,0,2024-01-02,187.86483663991743,trailing_stop,6.943499369718668,80,12.572104599703875,6.696323913778582,71.75660343416874,2.018214033226591,2,90.0,True,7.459057410066904
AAPL,VCP,v3,2024-06-11,205.75253295898438,191.34985565185545,0,2024-07-18,223.8481250034161,trailing_stop,8.794833183433509,25,14.520877035193172,0.27033657492476626,72.49838712759201,2.824131769365207,2,100.0,True,12.401134626972187
AAPL,VCP,v3,2024-08-05,207.85824584960938,193.3081686401367,0,2024-09-03,220.03566164589105,trailing_stop,5.858519466719806,20,11.430020491284006,3.9183808022717836,76.97012821652808,1.7194317624978839,2,100.0,True,4.008443960012764
AAPL,VCP,v3,2024-12-20,253.3441925048828,235.610099029541,0,2025-01-10,235.610099029541,stop,-7.000000000000004,12,2.204400879621929,8.444341690782121,83.93078945288998,3.2191201137601277,3,92.5,True,7.930174334505262
AAPL,VCP,v3,2025-01-28,237.18727111816406,220.58416213989256,0,2025-03-11,220.58416213989256,stop,-7.000000000000009,29,5.0427531049423955,8.633810897948754,73.66911734038811,1.5070312172173992,2,90.0,True,8.495238602746028
AAPL,VCP,v3,2025-09-22,255.8319854736328,237.9237464904785,0,2025-11-28,278.8500061035156,open,8.99731930988557,48,9.595367586165146,4.717271405877454,74.20916452679195,1.8356352056229994,3,100.0,True,12.038590034282606
AAPL,VCP,v3,2025-10-20,261.98602294921875,243.64700134277342,0,2025-11-28,278.8500061035156,open,6.436978188552316,28,7.020978343245086,2.596860140283569,78.2477087830045,1.747981561646878,2,90.0,True,11.43508132070906
MSFT,VCP,v3,2023-02-07,261.3122863769531,243.02042633056638,0,2023-02-24,243.02042633056638,stop,-7.000000000000011,12,3.4384969663753546,7.040882455474919,71.21225137496984,1.6607311209894235,2,100.0,True,6.1453275401593555
MSFT,VCP,v3,2023-03-16,270.4262390136719,251.49640228271483,0,2023-06-21,327.63125495782043,trailing_stop,21.15364845985099,66,27.53015627352736,2.418553265504175,78.12046351049806,1.6854738941239467,2,90.0,True,1.3199852923770723
MSFT,VCP,v3,2023-04-27,298.4576416015625,277.5656066894531,0,2023-06-21,327.63125495782043,trailing_stop,9.774791893318104,37,15.55241251928222,0.49860906721510817,87.76035735098732,1.5487626259090888,2,100.0,True,5.016833292363536
MSFT,VCP,v3,2023-07-18,352.7444763183594,328.0523629760742,0,2023-07-26,328.0523629760742,stop,-6.999999999999999,6,0.826174771273285,7.338182072753208,90.2914396548547,2.3808933625774458,2,90.0,True,13.466681848713453
MSFT,VCP,v3,2024-04-25,393.9048767089844,366.33153533935547,0,2024-05-31,407.35253627735364,trailing_stop,3.413935790976345,25,8.856774516817218,2.4734314216242876,72.05682000668902,1.9968042473066647,3,85.0,True,8.294277586501796
MSFT,VCP,v3,2024-06-21,444.7926940917969,413.65720550537105,0,2024-07-25,413.65720550537105,stop,-7.000000000000009,23,4.128695171089422,7.174614062618641,75.7784584374535,1.7532991642633473,2,90.0,True,13.501965735057532
GOOGL,VCP,v3,2023-05-10,110.98453521728516,103.21561775207519,0,2023-05-24,119.28576655184139,trailing_stop,7.479628867485107,10,13.136451439458007,0.0,78.05429819301708,1.8362836155562388,3,100.0,True,4.798341829390432
GOOGL,VCP,v3,2023-07-25,121.37287902832031,112.87677749633788,0,2023-08-18,126.18270714367175,trailing_stop,3.9628524542366206,18,9.434581530775393,0.0,73.72526078582452,1.5627242285288656,2,100.0,True,13.143373794298304
GOOGL,VCP,v3,2023-10-24,137.85916137695312,128.2090200805664,0,2023-10-25,128.2090200805664,stop,-7.000000000000002,1,0.0,9.898417490429955,90.54553486679659,1.752702779126433,2,100.0,True,0.8108686032458972
GOOGL,VCP,v3,2024-04-25,154.93141174316406,144.08621292114256,0,2024-04-29,164.83762619291863,trailing_stop,6.393935444270331,2,11.99361625712667,0.0,77.0696236203408,1.8521111778464157,3,85.0,True,8.294277586501796
GOOGL,VCP,v3,2024-06-21,178.60430908203125,166.10200744628906,0,2024-07-26,166.10200744628906,stop,-6.999999999999999,24,6.747201079027221,8.667823709313,84.00944927508604,2.1564013935910613,2,100.0,True,13.501965735057532
GOOGL,VCP,v3,2024-12-10,184.56826782226562,171.64848907470702,0,2024-12-18,190.72718717061701,trailing_stop,3.3369329522463023,6,8.77571889710137,0.1728048348957598,77.90468783921808,2.1083504339748558,2,100.0,True,10.44419435702845
GOOGL,VCP,v3,2025-02-04,205.7093505859375,191.30969604492185,0,2025-02-05,191.30969604492185,stop,-7.0000000000000115,1,0.0,8.891369242681861,83.87375964543808,1.5419359797226861,3,100.0,True,7.5256736791001835
GOOGL,VCP,v3,2025-09-03,230.45388793945312,214.3221157836914,0,2025-09-25,243.2,trailing_stop,5.530873084638795,16,11.085129562777684,1.9726013834495182,90.7700407183909,2.7081628219209604,2,90.0,True,8.653509922529853
AMZN,VCP,v3,2023-05-26,120.11000061035156,111.70230056762695,0,2023-07-20,129.81749420166014,trailing_stop,8.082169296460687,36,13.77070452259021,0.7826179640575548,81.97640678914323,1.5385416854453837,2,100.0,True,6.450200125089069
AMZN,VCP,v3,2023-12-15,149.97000122070312,139.4721011352539,0,2024-02-13,166.620499420166,trailing_stop,11.102552553133071,39,16.950055319087458,3.947454904820035,88.84585449019721,2.0745239154989346,2,100.0,True,9.806804077694409
AMZN,VCP,v3,2024-02-01,159.27999877929688,148.13039886474607,0,2024-02-13,166.620499420166,trailing_stop,4.6085514170805215,8,10.114264649558455,0.0,84.8346445434513,1.6313361537044726,2,100.0,True,11.14761229293225
AMZN,VCP,v3,2024-05-15,185.99000549316406,172.97070510864256,0,2024-07-15,191.13999710083007,trailing_stop,2.7689614794141693,40,8.177854188857022,6.516484766931213,82.7086541759501,1.8750575861610728,2,100.0,True,12.822493064878643
AMZN,VCP,v3,2024-06-21,189.0800018310547,175.84440170288084,0,2024-08-02,175.84440170288084,stop,-7.000000000000008,29,6.409982546973351,15.08885048815939,79.43518702160014,1.7530630345427647,2,90.0,True,13.501965735057532
AMZN,VCP,v3,2024-11-06,207.08999633789062,192.59369659423828,0,2024-12-18,221.35,trailing_stop,6.885896911622215,29,12.511470433286545,5.475878380618707,76.46476400284335,1.9657991272759232,2,100.0,True,10.78941680684592
AMZN,VCP,v3,2024-12-20,224.9199981689453,209.17559829711914,0,2025-02-25,209.17559829711914,stop,-7.000000000000002,42,7.825007223366436,9.229946058972656,83.37166488196739,2.1991018276575085,2,90.0,True,7.930174334505262
AMZN,VCP,v3,2025-02-06,238.8300018310547,222.11190170288086,0,2025-02-20,222.11190170288086,stop,-7.000000000000001,9,0.0,7.126409639481003,86.200880058393,1.7429685329682598,2,90.0,True,8.119148022254546
NVDA,VCP,v3,2024-01-08,52.22681427001953,48.57093727111816,0,2024-02-13,70.84491885300993,trailing_stop,35.64855494867509,25,42.78795257755273,1.0774459320278438,94.06166102130811,1.5658356502059974,2,90.0,True,9.536738061190682
NVDA,VCP,v3,2024-02-22,78.49864959716797,73.00374412536621,0,2024-03-08,92.48796461117482,trailing_stop,17.821090026128992,11,24.022200027504205,1.7991457501738788,97.19670399368628,1.8576496255067683,2,100.0,True,13.648097206827185
NVDA,VCP,v3,2025-10-28,201.02999877929688,186.95789886474608,0,2025-11-06,186.95789886474608,stop,-7.000000000000004,7,5.551412092660616,7.287466540040147,90.67657112039103,1.6446090645579021,2,100.0,True,13.523096140623844
META,VCP,v3,2023-12-15,332.86798095703125,309.56722229003907,0,2024-01-02,341.69852271753314,trailing_stop,2.652866080754637,10,8.055648506057517,0.0,92.40947768552755,1.628627650481066,2,100.0,True,9.806804077694409
META,VCP,v3,2024-09-20,559.5904541015625,520.419122314453,0,2024-12-18,604.5789934818333,trailing_stop,8.039547324391217,62,13.725839288832855,2.1911510715254288,90.22806361953184,1.536040228232852,3,100.0,True,10.25272595741949
META,VCP,v3,2024-11-06,570.2568969726562,530.3389141845703,0,2024-12-18,604.5789934818333,trailing_stop,6.018707829994525,29,11.598639821046865,4.0206291627532105,79.89313143224915,1.5400209078193325,3,100.0,True,10.78941680684592
META,VCP,v3,2025-01-24,645.9810791015625,600.762403564453,0,2025-02-03,673.6769075025557,trailing_stop,4.287405513411137,6,9.776216329906463,3.4579701804841227,88.96363813526943,1.5373828535118546,2,97.5,True,9.29129644796757
TSLA,VCP,v3,2024-07-05,251.52000427246094,233.91360397338866,0,2024-07-12,233.91360397338866,stop,-7.000000000000004,5,7.744909111259879,7.327452139594379,71.72403146069541,1.707829118664882,2,100.0,True,14.466426265157104
TSLA,VCP,v3,2025-09-12,395.94000244140625,368.22420227050776,0,2025-09-25,422.7310104370117,trailing_stop,6.766431234633882,9,12.385717089088297,0.0,90.14831754308751,1.961730824003149,4,100.0,True,10.529628780111553
BRK-B,VCP,v3,2023-08-07,362.5799865722656,337.199387512207,0,2023-10-20,337.199387512207,stop,-7.000000000000006,53,2.9676237421009524,7.78586284798251,76.23511692623492,1.6062433270993215,2,90.0,True,10.807813369540424
BRK-B,VCP,v3,2024-03-15,408.1300048828125,379.5609045410156,0,2024-07-25,433.2900085449219,time,6.1647032467837395,90,10.075219813596993,3.0553992775619796,73.32412317515168,2.090115752674804,2,90.0,True,12.492787591859033
BRK-B,VCP,v3,2024-08-30,475.9200134277344,442.60561248779294,0,2024-11-04,442.60561248779294,stop,-7.000000000000006,45,1.8700608600978255,7.9887414814555,77.40162482393902,1.8906503241491086,4,77.5,True,10.641062506358775
BRK-B,VCP,v3,2025-02-24,498.4200134277344,463.53061248779295,0,2025-04-04,512.05,trailing_stop,2.734638699302909,29,8.14172494663465,1.9401334551619938,74.88676874176693,2.4639380737692425,2,100.0,True,5.412591402689966
BRK-B,VCP,v3,2025-03-31,532.5800170898438,495.2994158935547,0,2025-04-04,495.2994158935547,stop,-7.000000000000001,4,1.2054494543818435,7.435503554921268,90.46228061525541,1.564265860121639,2,100.0,False,-2.0220294633139257
UNH,VCP,v3,2023-10-13,520.03125,483.6290625,0,2024-01-18,483.6290625,stop,-7.000000000000004,65,3.187303441648047,7.460693703558781,74.62874742743365,1.929977158466085,2,90.0,True,3.111586744217454
UNH,VCP,v3,2024-09-20,562.7945556640625,523.3989367675781,0,2024-11-14,586.4744263199248,trailing_stop,4.207551479939512,39,9.692159452567903,5.5652278471402905,72.33693307658992,1.5599419099558083,2,100.0,True,10.25272595741949
JNJ,VCP,v3,2023-01-04,164.42674255371094,152.91687057495116,0,2023-01-20,152.91687057495116,stop,-7.000000000000006,11,0.44413145836655005,7.0227014408839255,84.70855542562268,1.5190791172556264,2,100.0,False,-3.0918138518727054
JNJ,VCP,v3,2023-08-17,161.18978881835938,149.9065036010742,0,2023-09-01,149.9065036010742,stop,-7.000000000000008,11,0.0,7.377881909947742,73.26165219273398,4.010560101216242,2,97.5,True,6.521066417548564
JNJ,VCP,v3,2025-08-04,168.72244262695312,156.9118716430664,0,2025-10-29,183.59033769054687,trailing_stop,8.81204351484337,61,14.53899317351934,0.8126785615071109,70.57001666368447,1.5083923964013009,3,92.5,True,7.739677320627693
JNJ,VCP,v3,2025-09-19,175.07839965820312,162.8229116821289,0,2025-10-29,183.59033769054687,trailing_stop,4.861786519045858,28,10.380827914785119,1.1748780774978287,71.99343558979648,2.9224270756292783,2,90.0,True,11.577067509570968
XOM,VCP,v3,2023-01-31,104.63916015625,97.3144189453125,0,2023-03-13,97.3144189453125,stop,-7.0000000000000036,28,3.1204161895237124,9.905951641638998,90.89244447940118,1.6347084023511995,2,90.0,True,3.7724293679135656
XOM,VCP,v3,2023-04-03,105.55341339111328,98.16467445373534,0,2023-05-03,98.16467445373534,stop,-7.000000000000008,21,3.2635900159041387,7.207442469720853,90.22091529836666,1.6019395492917068,2,90.0,True,5.445645104316569
XOM,VCP,v3,2023-09-27,111.1041259765625,103.32683715820312,0,2023-10-04,103.32683715820312,stop,-7.000000000000004,5,0.41596974352776234,8.069892540797126,83.17474094093375,1.5918282581948329,2,100.0,True,2.487254308019852
XOM,VCP,v3,2024-05-31,111.2909164428711,103.50055229187011,0,2024-06-14,103.50055229187011,stop,-7.000000000000009,10,0.0,7.39383246315838,71.06701991710787,1.6325285476323854,2,90.0,True,11.204512238899975
JPM,VCP,v3,2023-06-29,135.24722290039062,125.77991729736327,0,2023-08-15,143.75343386448824,trailing_stop,6.289379391074395,32,11.88355725376253,0.7101704936108283,76.03118838689616,1.5097587314862888,2,100.0,True,10.618680408100074
JPM,VCP,v3,2024-03-15,183.13111877441406,170.31194046020508,0,2024-05-20,189.3159147399192,trailing_stop,3.3772501401707413,45,8.818158042285003,5.28361105713573,83.17279028644369,1.8928925974618336,2,100.0,True,12.492787591859033
JPM,VCP,v3,2024-05-21,193.12379455566406,179.60512893676756,0,2024-08-01,201.164716020028,trailing_stop,4.163609918117217,49,9.645905176965494,4.330404859857427,81.7484085530752,1.500109953415952,2,100.0,True,12.755042243918313
JPM,VCP,v3,2024-06-28,195.77593994140625,182.0716241455078,0,2024-08-01,201.164716020028,trailing_stop,2.7525221333298493,23,8.160549614031423,0.0,76.62680994775879,1.6966789092024737,2,100.0,True,12.826008393110394
JPM,VCP,v3,2024-09-11,201.69808959960938,187.5792233276367,0,2024-11-06,230.71598503000743,trailing_stop,14.386797360352515,40,20.407155116160546,2.031561715825197,79.23893959075455,1.5420766184708685,2,90.0,True,8.066982343349308
JPM,VCP,v3,2024-11-06,241.93841552734375,225.00272644042968,0,2024-12-18,225.00272644042968,stop,-7.000000000000002,29,2.9345109627848918,7.095451506888671,87.65534397714568,2.659028712606127,3,100.0,True,10.78941680684592
JPM,VCP,v3,2024-12-20,232.67453002929688,216.3873129272461,0,2025-02-20,262.06488251169554,trailing_stop,12.63152975046217,39,18.55950500048651,1.144779946709572,81.99271464141782,3.5482832808687945,3,100.0,True,7.930174334505262
JPM,VCP,v3,2025-06-27,284.3509826660156,264.4464138793945,0,2025-10-14,300.64784027644936,trailing_stop,5.731247157170968,75,11.296049639127341,1.8980763151590312,90.07280823032465,2.1048328959209925,2,100.0,True,6.423953234125893
V,VCP,v3,2023-01-10,216.1490020751953,201.01857192993162,0,2023-05-19,228.9882354736328,time,5.939991984774885,90,6.758065358395313,5.391978672851236,84.97059838892352,1.5429664350440548,3,92.5,False,-1.095766547646263
V,VCP,v3,2023-10-25,232.8997802734375,216.59679565429687,0,2024-03-06,276.8553161621094,time,18.87315472649463,90,21.289367596868257,3.7238795201416917,78.1798230096308,1.9103951979971012,2,90.0,False,-0.6761093185412345
V,VCP,v3,2023-12-15,254.26669311523438,236.46802459716795,0,2024-04-04,272.8885309344168,trailing_stop,7.323742481184096,74,12.972360506509572,0.4534275865671155,72.19290154210984,2.217761861394361,2,90.0,True,9.806804077694409
V,VCP,v3,2024-11-25,310.9812316894531,289.2125454711914,0,2025-03-06,346.33900286494764,trailing_stop,11.369744400138883,67,17.231309894883047,2.9854098551465187,71.57679385379738,2.1325902315034133,2,90.0,True,10.568057999971511
V,VCP,v3,2025-01-13,304.7554626464844,283.42258026123045,0,2025-03-06,346.33900286494764,trailing_stop,13.644887562425772,36,19.626197434132404,0.0,75.0860120021104,1.5493974475521417,2,100.0,True,5.150581171679268
V,VCP,v3,2025-02-28,360.75799560546875,335.5049359130859,0,2025-03-11,335.5049359130859,stop,-7.000000000000014,7,1.055936632790331,9.1340199622479,90.02221132934494,2.4850791505537373,2,90.0,True,4.589231607676298
PG,VCP,v3,2023-04-21,146.50567626953125,136.25027893066405,0,2023-05-25,136.25027893066405,stop,-7.000000000000008,24,1.1981787112332871,7.509461895627101,78.11855189487697,2.313565951146838,2,100.0,True,5.113116230439154
MA,VCP,v3,2023-01-06,361.8492431640625,336.5197961425781,0,2023-03-13,336.5197961425781,stop,-7.000000000000002,44,6.073373516429757,7.468658805045517,88.31968012880172,1.6237874160138377,3,100.0,False,-1.8584413093294303
MA,VCP,v3,2023-06-30,387.6806945800781,360.54304595947264,0,2023-10-26,360.54304595947264,stop,-7.000000000000004,82,6.5866706902019665,7.426385254430688,74.00415572814535,1.5017136252459353,2,97.5,True,11.844293013686753
MA,VCP,v3,2023-09-15,408.9811096191406,380.35243194580073,0,2023-10-20,380.35243194580073,stop,-7.0000000000000115,25,0.8640879186594461,7.140324633183777,79.00961256249387,2.0501768441891466,2,90.0,True,7.0663783962102
MA,VCP,v3,2024-03-15,471.132080078125,438.1528344726562,0,2024-05-01,438.1528344726562,stop,-7.0000000000000115,32,2.9779592523257827,7.7428339832451565,75.57827779524008,1.6967160204127203,2,90.0,True,12.492787591859033
MA,VCP,v3,2024-11-01,505.1774597167969,469.81503753662105,0,2025-03-04,550.7692445507015,trailing_stop,9.024904804633097,81,14.76305768908748,1.4610218506083192,71.6534133454294,1.578324185273235,2,100.0,True,7.342634785254747
MA,VCP,v3,2025-01-30,563.6060180664062,524.1535968017578,0,2025-03-11,524.1535968017578,stop,-7.000000000000008,27,2.865668737189572,7.73131482622458,77.40004313379515,2.260694365806941,3,100.0,True,8.405782891667878
MA,VCP,v3,2025-03-21,533.4147338867188,496.0757025146484,0,2025-04-04,496.0757025146484,stop,-7.000000000000004,10,4.879709065424198,8.848388728677667,78.69816875694477,2.146020194878494,3,85.0,False,-1.0133410055785381
HD,VCP,v3,2025-09-05,418.95001220703125,389.623511352539,0,2025-10-06,389.623511352539,stop,-7.000000000000009,21,1.8617943825513614,7.931736488387295,71.52553455990859,1.6621372980589475,2,90.0,True,9.136621229941639
CVX,VCP,v3,2025-03-21,159.19744873046875,148.05362731933593,0,2025-04-04,148.05362731933593,stop,-7.000000000000004,10,2.555402462087707,13.353555716900315,83.36827060845582,2.6421440640795226,2,90.0,False,-1.0133410055785381
ABBV,VCP,v3,2024-07-25,174.6210479736328,162.3975746154785,0,2024-09-26,182.0810540115428,trailing_stop,4.272111595067516,44,9.760117468492131,0.9002456286522369,74.6161506523468,1.7202598298869958,2,100.0,True,9.076219820352657
ABBV,VCP,v3,2024-09-20,185.45278930664062,172.47109405517577,0,2024-11-11,190.30004023119858,trailing_stop,2.6137384844307574,36,8.014461562558692,10.022686098961422,75.18429905415377,2.4192246747141524,2,100.0,True,10.25272595741949
ABBV,VCP,v3,2025-09-19,220.87767028808594,205.41623336791992,0,2025-10-01,230.9048856666107,trailing_stop,4.539714388261381,8,10.041804619222509,2.1575920898223475,76.62093030844811,2.8769944228807187,3,100.0,True,11.577067509570968
LLY,VCP,v3,2023-08-08,512.3341064453125,476.4707189941406,0,2023-09-18,562.7952423816914,trailing_stop,9.849263459442406,28,15.630803641518328,0.9029767297179766,91.18650278344582,5.4525219336269375,2,100.0,True,10.211220503402728
LLY,VCP,v3,2023-09-08,577.27685546875,536.8674755859374,0,2023-09-21,536.8674755859374,stop,-7.000000000000013,9,2.62251794786814,7.49584158163367,92.7716977802856,1.561073282721557,2,100.0,True,7.550428159458221
LLY,VCP,v3,2023-10-06,556.369384765625,517.4235278320313,0,2023-10-19,589.1002209426214,trailing_stop,5.882932647486435,9,11.455718576301521,0.2901458672270712,92.32590323047243,1.5955282707623446,2,100.0,True,2.984675150914917
LLY,VCP,v3,2023-11-08,609.4352416992188,566.7747747802734,0,2023-12-04,566.7747747802734,stop,-6.999999999999998,17,0.0,7.064559554085266,92.14820868879188,2.4116382852694813,2,90.0,True,3.588316245101885
LLY,VCP,v3,2024-02-05,696.4262084960938,647.6763739013671,0,2024-02-20,745.6054151516665,trailing_stop,7.061653633307889,10,12.696477508745152,2.138203599749851,91.80392358528258,2.5794981067032206,2,90.0,True,11.695768490335327
LLY,VCP,v3,2025-11-03,895.21533203125,832.5502587890625,0,2025-11-28,1075.469970703125,open,20.135338641137427,18,24.21480625351464,1.437772594219274,70.86822939910711,1.5202500173091504,2,100.0,True,12.5319082180816
AVGO,VCP,v3,2023-03-03,60.614742279052734,56.37171031951904,0,2023-05-25,67.13050714474282,trailing_stop,10.749472192248861,58,16.57839178131459,4.289501428365401,90.17722208092542,2.1491537310815905,2,100.0,True,3.386627011340316
AVGO,VCP,v3,2023-05-25,70.31731414794922,65.39510215759277,0,2023-05-26,74.70065728797081,trailing_stop,6.233661215783841,1,11.824906542930357,0.0,91.1414315220413,2.3331846172645148,2,90.0,True,5.09620995796488
AVGO,VCP,v3,2023-08-31,89.5182113647461,83.25193656921387,0,2023-09-07,83.25193656921387,stop,-6.999999999999999,4,0.0,8.925223606933848,91.69649372265778,2.367433095773761,2,97.5,True,9.087062160039078
AVGO,VCP,v3,2023-11-10,93.38308715820312,86.8462710571289,0,2023-12-11,96.3102852616243,trailing_stop,3.1346126932622407,20,8.562750203433946,5.683440506583448,92.25060461276342,1.6394242851021747,2,97.5,True,4.2877436116210115
AVGO,VCP,v3,2023-12-11,100.3776626586914,93.351226272583,0,2024-01-02,107.07987281184676,trailing_stop,6.676993641448399,14,12.291572254156216,0.45277432366823367,91.41665625027963,3.6162430728345036,2,97.5,True,8.041649312954656
AVGO,VCP,v3,2024-03-01,137.08290100097656,127.48709793090819,0,2024-03-11,127.48709793090819,stop,-7.000000000000008,6,2.7873642993407595,10.47835526565197,93.07118956473488,1.7117458206745406,2,100.0,True,14.0766649242569
AVGO,VCP,v3,2024-06-14,170.71351623535156,158.76357009887695,0,2024-06-24,158.76357009887695,stop,-6.999999999999999,5,6.719152058124283,8.030326411554206,93.0558498907376,2.5669419271968796,2,90.0,True,13.255433012050426
AVGO,VCP,v3,2024-12-11,181.420654296875,168.72120849609374,0,2024-12-13,215.15480105762424,trailing_stop,18.59443561786907,2,24.83624801880955,3.935582987206121,83.3015622735949,2.0928578726551184,3,100.0,True,11.190786827845669
COST,VCP,v3,2023-12-15,637.1066284179688,592.5091644287108,0,2024-03-08,740.6126570262353,trailing_stop,16.246264595502254,56,22.364489047897116,0.5683870764322945,85.02139298522918,4.505775139429024,2,90.0,True,9.806804077694409
COST,VCP,v3,2024-05-31,803.4728393554688,747.2297406005858,0,2024-07-11,845.0869951124776,trailing_stop,5.179285934592502,27,10.715037825886851,0.34078067249890803,90.0502233984356,2.476271923697639,2,100.0,True,11.204512238899975
COST,VCP,v3,2024-11-08,938.9006958007812,873.1776470947265,0,2025-02-27,1020.1269863131489,trailing_stop,8.651212090442682,73,14.369696937308094,4.428908618526745,79.28417967842064,1.804014180649139,3,100.0,True,11.889035671915291
COST,VCP,v3,2024-12-13,984.2142333984375,915.3192370605468,0,2024-12-30,915.3192370605468,stop,-7.000000000000006,10,1.9103437669657521,7.464496076290114,81.54892496091227,1.641463710300756,3,100.0,True,10.390119137990625
COST,VCP,v3,2025-01-27,960.2393798828125,893.0226232910155,0,2025-02-27,1020.1269863131489,trailing_stop,6.236737180852246,22,11.828144400897108,1.1582523654471588,80.05466284403863,1.528812289547919,2,100.0,True,7.6630416104005725
COST,VCP,v3,2025-02-28,1044.3192138671875,971.2168688964844,0,2025-03-07,971.2168688964844,stop,-7.000000000000002,5,1.658387324679986,10.092407232507552,84.17526886063318,1.6565450334204241,2,90.0,True,4.589231607676298
KO,VCP,v3,2024-08-02,66.8473892211914,62.168071975708,0,2024-11-06,62.168071975708,stop,-7.000000000000008,67,6.057979163940441,8.245864740628814,74.27428854606833,1.8838904058880654,2,97.5,True,7.2209573157973965
KO,VCP,v3,2024-09-20,69.54822540283203,64.67984962463379,0,2024-10-23,64.67984962463379,stop,-7.000000000000001,23,1.5494134364234702,7.063104288098001,75.66044165403206,3.412559900775598,2,100.0,True,10.25272595741949
TMO,VCP,v3,2023-02-01,582.581787109375,541.8010620117187,0,2023-02-21,541.8010620117187,stop,-7.0000000000000036,13,1.3297031434684736,7.3600266355158945,76.61678837910625,1.67372678918368,2,100.0,True,4.903866539707618
TMO,VCP,v3,2025-10-22,567.2000122070312,527.496011352539,0,2025-11-28,590.8300170898438,open,4.166079755687208,26,6.191818469913661,2.7503590065861365,72.09137245887894,1.5944822401250083,2,100.0,True,10.695395785849776
CSCO,VCP,v3,2023-02-15,44.737186431884766,41.60558338165283,0,2023-04-19,46.21331903413255,trailing_stop,3.2995651268666477,43,8.736384344070158,0.8874945140628134,73.12073317347796,1.5393025602464958,2,100.0,True,5.8764249184019155
CSCO,VCP,v3,2023-08-18,51.59222412109375,47.98076843261718,0,2023-11-16,47.98076843261718,stop,-7.000000000000011,63,5.723105442226332,15.454815206450911,79.91471562651775,1.537031743016743,2,100.0,True,6.500914283193756
CSCO,VCP,v3,2023-11-15,50.30316925048828,46.781947402954096,0,2023-11-16,46.781947402954096,stop,-7.0000000000000115,1,0.0,13.288284073955598,70.14110618218824,1.9576417800538537,2,90.0,True,6.259522453036684
CSCO,VCP,v3,2024-11-13,57.69223403930664,53.65377765655517,0,2025-02-13,62.0064722009614,trailing_stop,7.478022360367251,61,13.13476037933396,4.782029135514416,74.48019292627802,2.1471981328485885,2,90.0,True,11.351035464374748
CSCO,VCP,v3,2025-02-12,61.3734016418457,57.077263526916504,0,2025-04-03,57.077263526916504,stop,-7.000000000000001,35,6.348954093741549,7.816584709281571,82.76895909050967,1.5694949013811896,3,100.0,True,7.190534232036735
CSCO,VCP,v3,2025-03-21,59.18465042114258,55.0417248916626,0,2025-04-04,55.0417248916626,stop,-7.000000000000002,10,2.8855696805652844,9.115320131245431,87.60474001810638,3.151044364811407,3,100.0,False,-1.0133410055785381
CSCO,VCP,v3,2025-05-15,63.492496490478516,59.04802173614502,0,2025-08-14,68.50882760897522,trailing_stop,7.900667631251465,62,13.579650138159433,3.0501181139544165,85.69550202130037,2.4648973977019675,2,90.0,True,3.3201085070520344
CSCO,VCP,v3,2025-06-23,66.57522583007812,61.914960021972654,0,2025-08-14,68.50882760897522,trailing_stop,2.904386361125213,37,8.320406695921275,0.6826705086080389,90.03476945034323,1.6624974766971887,3,100.0,True,4.121928680137689
CSCO,VCP,v3,2025-08-08,71.35911560058594,66.36397750854492,0,2025-08-15,66.36397750854492,stop,-7.000000000000002,5,1.0586450951986215,8.260210509173652,86.37382994433872,1.6185495643998433,3,100.0,True,8.559185971769468
CSCO,VCP,v3,2025-11-12,73.95999908447266,68.78279914855956,0,2025-11-20,76.05699768066405,trailing_stop,2.835314524269169,6,8.247699499230716,0.0,76.80005980952579,2.9999359295245607,3,92.5,True,12.031165127554853
MCD,VCP,v3,2024-10-22,307.51275634765625,285.9868634033203,0,2024-10-23,285.9868634033203,stop,-7.000000000000009,1,0.0,7.582063108505878,71.82368667425091,2.2122474309215026,3,100.0,True,10.536488090186992
MCD,VCP,v3,2025-03-07,317.6745300292969,295.43731292724607,0,2025-03-12,295.43731292724607,stop,-7.000000000000008,3,1.5655662969988118,7.762455212364573,81.38084317533905,2.3687984690430213,2,100.0,True,1.121000479400207
MCD,VCP,v3,2025-04-09,300.53955078125,279.50178222656245,0,2025-08-19,309.1747131347656,time,2.8732199575957953,90,5.862610361118824,6.2120985383704035,85.0746012301119,2.110377839258231,2,97.5,False,-3.865854584916072
WMT,VCP,v3,2023-05-31,47.6686897277832,44.33188144683837,0,2023-10-06,51.31924909434475,trailing_stop,7.658191125890868,89,13.324411711464073,0.6332128982466505,72.88458595854839,1.663345033299692,2,90.0,True,5.898288819156236
WMT,VCP,v3,2023-08-18,51.44058609008789,47.839745063781734,0,2023-12-27,51.61528778076172,time,0.33961839075447753,90,7.604639722271063,4.960801698507926,73.20145096280542,1.6800506270688946,2,97.5,True,6.500914283193756
WMT,VCP,v3,2023-11-15,55.30034255981445,51.42931858062744,0,2023-11-16,51.42931858062744,stop,-7.000000000000006,1,0.0,8.410906498179353,75.41343215104553,2.165191826120749,2,90.0,True,6.259522453036684
WMT,VCP,v3,2024-05-17,63.843746185302734,59.37468395233154,0,2024-08-02,66.91840756676628,trailing_stop,4.81591630375122,52,10.332543477632862,1.2065096418596881,74.38287094023188,1.7854905697798307,2,97.5,True,12.559061053566541
WMT,VCP,v3,2024-08-14,67.8037338256836,63.05747245788574,0,2024-12-20,91.55168914794922,time,35.024553932854445,90,40.48083999082353,0.0,78.91029239741829,1.5223139841807778,2,90.0,True,8.435500878141934
WMT,VCP,v3,2024-09-20,78.29657745361328,72.81581703186035,0,2024-12-23,90.48869208228933,trailing_stop,15.571708272815957,65,21.654429760858907,0.10120472233432788,87.32783866357809,2.3029352152785956,2,90.0,True,10.25272595741949
WMT,VCP,v3,2024-11-22,89.56668090820312,83.2970132446289,0,2025-02-20,99.28852913943845,trailing_stop,10.85431338155675,58,16.688750927954477,1.5258766716361685,90.54136148629934,1.599086137463045,3,100.0,True,10.297333370210332
WMT,VCP,v3,2025-02-25,96.96102142333984,90.17374992370605,0,2025-03-07,90.17374992370605,stop,-7.000000000000001,8,1.842567989241969,7.093861961158239,90.73351510165607,1.6488729096486094,3,85.0,True,4.812449842810692
WMT,VCP,v3,2025-05-15,96.12548828125,89.39670410156249,0,2025-08-21,99.25218814913168,trailing_stop,3.2527271629907233,67,8.687081224200767,3.030617517288889,88.68892546612848,1.8554907033914698,2,90.0,True,3.3201085070520344
WMT,VCP,v3,2025-08-06,103.11915588378906,95.90081497192382,0,2025-08-26,95.90081497192382,stop,-7.000000000000006,14,1.3157900973722154,7.466273020621286,75.64872602358484,1.5150430169743483,3,100.0,True,7.9137060379872715
WMT,VCP,v3,2025-10-14,107.20999908447266,99.70529914855956,0,2025-11-14,99.70529914855956,stop,-7.000000000000009,23,2.210617262215126,7.769799367772899,76.40299120982293,1.804926300378058,2,90.0,True,10.214368596889562
ABT,VCP,v3,2025-01-24,123.34886169433594,114.71444137573242,0,2025-03-06,132.36449748318537,trailing_stop,7.3090547127954775,28,12.956899697679466,0.0,70.07305424175307,1.8442731469222922,2,100.0,True,9.29129644796757
ACN,VCP,v3,2023-05-26,292.3131408691406,271.85122100830074,0,2023-06-22,299.9516936144585,trailing_stop,2.6131403886277678,17,8.01383198802924,2.5032811608948253,73.66271721496764,1.7309294578578331,2,100.0,True,6.450200125089069
DHR,VCP,v3,2024-01-30,242.71099853515625,225.7212286376953,0,2024-05-29,253.47071756594605,trailing_stop,4.433140276183764,83,9.929621343351341,5.69871626948394,71.80013349307607,2.0842457097718987,2,100.0,True,11.728237607316816
CRM,VCP,v3,2023-05-31,221.0546875,205.580859375,0,2023-06-01,205.580859375,stop,-7.000000000000004,1,0.0,7.753610607755826,90.94919611526032,3.4525723458526025,2,100.0,True,5.898288819156236
CRM,VCP,v3,2023-08-30,212.80148315429688,197.9053793334961,0,2023-09-28,197.9053793334961,stop,-7.0000000000000036,20,6.394172865463836,7.2033024358377995,77.44319285152191,1.9773351978786489,2,90.0,True,9.321908469680446
CRM,VCP,v3,2024-11-08,320.01300048828125,297.6120904541015,0,2024-11-14,329.42305338689107,trailing_stop,2.940522067619691,4,8.358444281704948,0.0,77.87169469377413,1.6602266439276598,2,87.5,True,11.889035671915291
CRM,VCP,v3,2024-12-20,341.97216796875,318.0341162109375,0,2025-01-10,318.0341162109375,stop,-7.000000000000001,12,0.37829531104991776,8.040155352992882,86.2458122966101,2.391708185429581,2,87.5,True,7.930174334505262
CRM,VCP,v3,2025-01-28,358.1925964355469,333.11911468505855,0,2025-02-03,333.11911468505855,stop,-7.000000000000013,4,0.0639017037417405,7.970546180627867,86.19952766397465,1.8171067823755074,2,90.0,True,8.495238602746028
CMCSA,VCP,v3,2023-07-27,42.147430419921875,39.19711029052734,0,2023-10-26,39.19711029052734,stop,-7.000000000000006,64,4.652695621892167,13.260397752953024,76.3889727333248,1.641515993894615,2,90.0,True,12.158556213689385
CMCSA,VCP,v3,2023-09-06,41.75708770751953,38.83409156799316,0,2023-10-26,38.83409156799316,stop,-7.0000000000000036,36,2.7153568347004775,12.449561234588367,83.13681737895485,1.6347214512109063,2,100.0,True,7.862104908700923
VZ,VCP,v3,2023-11-30,33.620670318603516,31.26722339630127,0,2024-02-06,36.6132180465468,trailing_stop,8.90091631006952,45,14.632543484283703,4.878707534479294,73.5358647116597,1.6329895138383304,2,100.0,True,7.2540629753087105
VZ,VCP,v3,2024-01-23,37.666133880615234,35.02950450897217,0,2024-02-09,35.02950450897217,stop,-7.0000000000000036,13,2.3206407242009393,7.03289884912356,81.15359954418894,2.3159590170517554,2,100.0,True,10.88063918665518
VZ,VCP,v3,2024-09-09,39.363101959228516,36.60768482208252,0,2025-01-07,36.60768482208252,stop,-7.0000000000000036,83,6.314677473173393,7.7084957888334,74.97018751569719,1.5627216403586108,3,100.0,True,6.718144873274441
VZ,VCP,v3,2025-03-07,43.856693267822266,40.78672473907471,0,2025-03-11,40.78672473907471,stop,-7.000000000000001,2,2.822396066338337,7.425116581608393,82.57167123448926,1.987721851037119,2,90.0,True,1.121000479400207
ADBE,VCP,v3,2023-03-17,358.1400146484375,333.07021362304687,0,2023-05-04,333.07021362304687,stop,-7.000000000000002,33,7.779076398070408,7.064281363639926,73.92877253488996,2.1835515781025365,2,100.0,True,0.15592816839863272
ADBE,VCP,v3,2023-05-26,415.3900146484375,386.3127136230469,0,2023-06-20,492.8029907226562,trailing_stop,18.636214965286698,15,24.880226279249165,1.1290599860412152,83.54546448577072,2.568447337911353,2,100.0,True,6.450200125089069
ADBE,VCP,v3,2023-12-15,584.6799926757812,543.7523931884765,0,2024-02-06,606.3375,trailing_stop,3.704164260025966,34,9.16227816844839,3.6498539521850906,90.25488979359743,2.9341145450692045,2,95.0,True,9.806804077694409
NEE,VCP,v3,2024-05-30,74.35367584228516,69.14891853332519,0,2024-06-11,69.14891853332519,stop,-7.0000000000000115,8,2.915967901908205,7.899403231700906,86.25976745125654,1.895200233391536,2,100.0,True,10.304496456643525
NEE,VCP,v3,2024-09-20,79.72224426269531,74.14168716430663,0,2024-11-06,74.14168716430663,stop,-7.0000000000000115,33,4.035765202087979,12.167706901668558,80.9396864527044,2.896681184029269,3,100.0,True,10.25272595741949
NEE,VCP,v3,2025-10-27,85.45136260986328,79.46976722717285,0,2025-11-28,86.29000091552734,open,0.9814218053993468,23,1.743580602701348,6.311749943798479,76.71936120954943,1.8564327012685673,3,92.5,True,13.326873047844762
INTC,VCP,v3,2023-09-07,37.55194091796875,34.92330505371093,0,2023-09-20,34.92330505371093,stop,-7.000000000000011,9,4.950227137809945,9.298057575643512,90.12055867092431,1.8707405970260347,2,95.0,True,7.459057410066904
INTC,VCP,v3,2023-11-16,42.7770881652832,39.78269199371338,0,2023-12-14,44.12553358518375,trailing_stop,3.1522608894985837,19,8.581327252103778,5.028827954043526,91.55976453079172,2.237236668852144,2,95.0,True,6.334281904722361
INTC,VCP,v3,2025-08-22,24.799999237060547,23.063999290466306,0,2025-09-18,30.76100101470947,trailing_stop,24.036298229965027,18,30.56452445259477,4.516124864274451,72.65966157555701,1.8846815096153324,2,90.0,True,9.309174829560666
INTC,VCP,v3,2025-09-25,33.9900016784668,31.610701560974118,0,2025-10-02,35.69149971008301,trailing_stop,5.00587804529041,5,10.532503205568853,2.853783974119766,91.91386570447072,2.458646320723643,2,90.0,True,10.389280047776388
WFC,VCP,v3,2023-12-13,45.540557861328125,42.35271881103515,0,2024-02-15,47.84569777543469,trailing_stop,5.061729636966145,43,10.591294354701217,3.4338451340037444,74.93120347305592,1.6448991528017516,2,90.0,True,9.840025447046411
WFC,VCP,v3,2024-02-15,49.97019958496094,46.47228561401367,0,2024-04-12,53.3098628847936,trailing_stop,6.683309907847102,39,12.298220955628526,1.7486522531176683,75.913758866903,2.459040854695753,2,90.0,True,12.902493363277701
WFC,VCP,v3,2024-03-15,55.22264099121094,51.35705612182617,0,2024-05-23,57.387102147153975,trailing_stop,3.919517641844631,48,9.388965938783825,3.77326276079289,84.40672056136046,2.057719561464374,2,97.5,True,12.492787591859033
WFC,VCP,v3,2024-04-19,57.94968032836914,53.893202705383295,0,2024-07-12,53.893202705383295,stop,-7.000000000000009,57,4.241258281454673,7.341094905835196,90.60749143641078,1.7826139598210817,2,97.5,True,6.815768975257342
WFC,VCP,v3,2024-05-31,57.86756134033203,53.816832046508786,0,2024-07-12,53.816832046508786,stop,-7.000000000000004,28,2.1028152630219044,7.209604043896004,86.98227419319406,1.5053199046427934,2,90.0,True,11.204512238899975
WFC,VCP,v3,2024-10-14,60.48944091796875,56.25518005371094,0,2024-11-06,68.66027556469898,trailing_stop,13.507869345016598,17,19.481967731596423,0.0,74.6520025064937,1.7425664404867682,2,90.0,True,11.458617277509882
WFC,VCP,v3,2024-11-25,75.26448822021484,69.9959740447998,0,2024-12-11,69.9959740447998,stop,-7.000000000000013,11,1.59947868267011,7.087127231753905,90.86493685657605,1.5394995172364854,2,90.0,True,10.568057999971511
WFC,VCP,v3,2025-02-28,77.03273010253906,71.64043899536132,0,2025-03-04,71.64043899536132,stop,-7.000000000000008,2,0.8427109282609422,8.912155659810011,87.81265196053778,1.5967121904749098,2,97.5,True,4.589231607676298
WFC,VCP,v3,2025-09-19,84.19731903076172,78.30350669860839,0,2025-10-10,78.30350669860839,stop,-7.000000000000013,15,2.386582677513702,8.293941478868396,79.98245234343149,2.2594791549509314,2,100.0,True,11.577067509570968
PM,VCP,v3,2023-01-25,90.91363525390625,84.54968078613281,0,2023-03-15,84.54968078613281,stop,-7.000000000000002,34,2.127261276365169,8.334939139326998,82.95255351305865,2.419839458392599,2,100.0,True,2.0397618736952214
PM,VCP,v3,2024-07-23,104.44186401367188,97.13093353271483,0,2024-09-18,116.11864963648947,trailing_stop,11.180177348509455,40,17.03176563000996,0.1734132893962971,71.09214106802031,1.6064771608810284,2,100.0,True,12.457050504437339
PM,VCP,v3,2024-09-06,119.9327392578125,111.53744750976561,0,2025-01-16,116.76718139648438,time,-2.639444309300155,90,7.825208429649693,5.63014582474546,90.45164468191874,1.7252963065049614,2,100.0,True,5.6364521861012395
PM,VCP,v3,2024-10-22,126.67644500732422,117.80909385681151,0,2024-12-19,117.80909385681151,stop,-7.000000000000006,41,2.0850609382412775,7.13035490841495,84.72752054980812,2.74519260806822,2,90.0,True,10.536488090186992
PM,VCP,v3,2025-01-27,127.12806701660156,118.22910232543944,0,2025-03-07,147.6983058374301,trailing_stop,16.180721774163594,28,22.295496604382738,1.6713932569183643,79.22265365959323,1.5595446170517284,2,100.0,True,7.6630416104005725
PM,VCP,v3,2025-02-25,153.43479919433594,142.6943632507324,0,2025-04-07,142.6943632507324,stop,-7.000000000000009,29,4.509926662465837,7.025389438328455,91.66448101066507,1.6422492741890997,2,90.0,True,4.812449842810692
PM,VCP,v3,2025-04-03,159.36148071289062,148.20617706298827,0,2025-04-04,148.20617706298827,stop,-7.000000000000004,1,0.0,7.391879335382125,94.10031858840983,1.6504036052931452,2,90.0,False,-6.042325197338663
PM,VCP,v3,2025-06-20,180.22682189941406,167.61094436645507,0,2025-07-22,167.61094436645507,stop,-7.0000000000000036,21,1.1893773882808585,10.543257327463207,92.26179882947446,1.8082385614448708,2,90.0,True,3.1526165599507854
PM,VCP,v3,2025-07-23,163.13706970214844,151.71747482299804,0,2025-10-03,151.71747482299804,stop,-7.0000000000000036,51,6.412818256621039,7.347855289757113,83.20549674174295,1.7829233882229145,2,90.0,True,8.728969996854671
TXN,VCP,v3,2023-02-01,167.45523071289062,155.73336456298827,0,2023-02-22,155.73336456298827,stop,-7.000000000000006,14,1.8396408195182172,7.325654049910653,77.46086149929455,1.5002672826165206,2,97.5,True,4.903866539707618
TXN,VCP,v3,2024-05-22,193.62728881835938,180.0733786010742,0,2024-08-02,180.0733786010742,stop,-7.0000000000000036,49,4.097959991777046,7.533645687999218,80.26018780096574,1.6143960434461788,2,97.5,True,12.330367182949455
TXN,VCP,v3,2024-06-21,186.92578125,173.84097656249997,0,2024-08-05,173.84097656249997,stop,-7.000000000000013,30,7.829993433449048,7.307175395082058,72.74848878751648,2.1896849966131677,2,97.5,True,13.501965735057532
TXN,VCP,v3,2024-08-21,200.49758911132812,186.46275787353514,0,2024-10-22,186.46275787353514,stop,-7.000000000000009,43,3.0186635661691543,7.4482803382734915,75.0713033324792,1.5390153167972225,2,100.0,True,11.013768966673869
TXN,VCP,v3,2024-10-24,198.80406188964844,184.88777755737303,0,2024-12-10,184.88777755737303,stop,-7.000000000000011,32,7.371854715570116,7.706682275362699,73.57903711889763,1.725885746300561,2,90.0,True,9.537487170948419
TXN,VCP,v3,2025-07-22,211.49002075195312,196.6857192993164,0,2025-07-23,196.6857192993164,stop,-7.000000000000008,1,0.0,13.7865293384795,82.10533634865884,1.8132596661171096,2,100.0,True,7.877064326812835
NKE,VCP,v3,2023-12-15,117.50275421142578,109.27756141662597,0,2023-12-22,109.27756141662597,stop,-7.000000000000004,5,1.513779079040972,11.600167580134775,74.69924100647054,1.7084815413364987,3,100.0,True,9.806804077694409
BMY,VCP,v3,2024-10-02,50.6473274230957,47.102014503479,0,2024-11-13,55.27827017470549,trailing_stop,9.143508625685211,30,14.887903816510756,3.4888929163431524,72.12268087812217,1.6568437664764086,3,100.0,True,9.397924762525895
BMY,VCP,v3,2024-10-31,53.12909698486328,49.410060195922846,0,2024-11-13,55.27827017470549,trailing_stop,4.045190511057468,9,9.521253169534184,3.2275396092680153,73.7830797496343,1.8047739853730886,3,100.0,True,6.9910590072261245
BMY,VCP,v3,2024-12-20,54.61522674560547,50.79216087341308,0,2025-03-12,57.94718554253265,trailing_stop,6.10078726295004,53,11.685039224157942,5.580026098152324,78.58066978240366,4.33656347216508,3,85.0,True,7.930174334505262
BMY,VCP,v3,2025-02-28,57.423702239990234,53.40404308319091,0,2025-04-04,53.40404308319091,stop,-7.000000000000008,25,6.2227530337003225,7.223876733285431,84.21250257891472,1.744300099983868,2,90.0,True,4.589231607676298
UPS,VCP,v3,2023-03-13,157.82113647460938,146.7736569213867,0,2023-04-25,162.74035645167785,trailing_stop,3.116958911178475,30,8.544167274924707,3.298024887640673,74.33549011184878,1.6381316605992389,2,90.0,False,-1.4613619400075444
RTX,VCP,v3,2024-04-04,95.88286590576172,89.17106529235839,0,2024-06-24,100.25506284869326,trailing_stop,4.5599356064604315,55,10.063090112063614,0.0,70.3578930964033,1.6213980114316975,2,90.0,True,11.690762679892005
RTX,VCP,v3,2024-06-21,102.57888793945312,95.3983657836914,0,2024-07-25,106.871053769843,trailing_stop,4.184258492764432,23,9.6676405186994,6.192595170009868,76.9830452204976,2.1318280751262435,2,90.0,True,13.501965735057532
RTX,VCP,v3,2024-07-25,110.21329498291016,102.49836433410644,0,2024-09-11,114.75300846275066,trailing_stop,4.119025277798323,33,9.598973976629816,0.14981738217678334,81.94896494893266,2.3375411255735137,2,90.0,True,9.076219820352657
RTX,VCP,v3,2025-06-13,144.4801483154297,134.3665379333496,0,2025-09-09,152.5938979071151,trailing_stop,5.615823132996398,59,11.17455066631201,3.5829470349273445,87.01602771548382,2.063647308761994,3,100.0,True,3.4740499887351195
RTX,VCP,v3,2025-07-22,147.93124389648438,137.57605682373045,0,2025-09-09,152.5938979071151,trailing_stop,3.151906174664111,34,8.580953868067498,0.04021328239672464,86.3314022509045,1.9190672531711224,3,100.0,True,7.877064326812835
ORCL,VCP,v3,2024-03-12,125.24169158935547,116.47477317810058,0,2024-04-18,116.47477317810058,stop,-7.000000000000008,26,4.100671018273583,8.990605982228459,71.86759671013904,5.51756509180993,3,100.0,True,14.051370667464575
ORCL,VCP,v3,2024-06-12,138.295166015625,128.61450439453125,0,2024-08-05,128.61450439453125,stop,-6.999999999999998,36,4.7185474066507584,9.51871452150597,77.72357131103715,5.364900046965994,2,90.0,True,13.198612804199659
ORCL,VCP,v3,2024-09-11,155.2828826904297,144.4130809020996,0,2024-09-13,163.24856428263348,trailing_stop,5.129787297988337,2,10.66293399788246,0.0,84.66746172566748,1.7174117246484568,2,90.0,True,8.066982343349308
QCOM,VCP,v3,2023-11-21,121.68494415283203,113.16699806213379,0,2024-01-02,134.53456065999984,trailing_stop,10.559742289094649,27,16.37867609378385,1.0628251743754995,75.14423782212091,1.8250778242661134,2,90.0,True,6.8844330538009775
BA,VCP,v3,2023-07-26,232.8000030517578,216.50400283813474,0,2023-08-25,216.50400283813474,stop,-7.0000000000000115,22,4.424399878322957,8.556700132223174,83.87541924916121,4.429351245183015,3,100.0,True,13.038898175265892
BA,VCP,v3,2023-08-25,223.41000366210938,207.7713034057617,0,2023-09-13,207.7713034057617,stop,-7.000000000000009,12,3.473431976919144,7.0095355648415545,81.0684481381644,2.2746926698188465,2,100.0,True,6.912744337455774
HON,VCP,v3,2023-02-02,183.23565673828125,170.40916076660156,0,2023-02-24,170.40916076660156,stop,-7.000000000000002,15,0.0,7.47858707897344,72.04552943551622,2.4323935783329227,2,90.0,True,6.452073720823524
HON,VCP,v3,2024-12-16,217.6791229248047,202.44158432006836,0,2025-01-08,202.44158432006836,stop,-7.000000000000001,15,0.978812763011345,7.118643783217488,72.67262777412418,1.8061805020578867,3,100.0,True,10.76158052344924
AMGN,VCP,v3,2023-10-11,264.5242614746094,246.0075631713867,0,2023-10-27,246.0075631713867,stop,-7.000000000000011,12,1.713653015971296,8.265181687697714,81.91850332316768,1.8280026188801863,2,97.5,True,4.399650642841413
AMGN,VCP,v3,2024-02-01,305.109375,283.75171875,0,2024-02-07,283.75171875,stop,-6.9999999999999964,4,1.589854747267629,9.024531051236034,87.34699897478107,1.6105578804607046,2,100.0,True,11.14761229293225
AMGN,VCP,v3,2024-09-20,324.15216064453125,301.46150939941407,0,2024-09-25,301.46150939941407,stop,-6.999999999999998,3,0.5305611766740165,7.4752429219279755,73.9306139358883,2.0931713897913005,2,100.0,True,10.25272595741949
IBM,VCP,v3,2024-09-11,203.003662109375,188.79340576171873,0,2024-10-24,218.10295421847314,trailing_stop,7.437940750528381,31,13.092569211082505,0.771835524443005,85.906177758139,1.6406550923136183,2,100.0,True,8.066982343349308
IBM,VCP,v3,2025-01-30,251.76499938964844,234.14144943237304,0,2025-03-20,234.14144943237304,stop,-7.0000000000000036,34,3.854555558472555,7.538461477982061,90.42112439184176,3.672928179961757,2,100.0,True,8.405782891667878
IBM,VCP,v3,2025-02-28,247.72128295898438,230.38079315185544,0,2025-04-04,230.38079315185544,stop,-7.000000000000011,25,5.5498413558605915,10.125169209027169,90.3009000643677,1.7485355183315197,2,100.0,True,4.589231607676298
IBM,VCP,v3,2025-05-30,255.90924072265625,237.9955938720703,0,2025-07-15,277.93012712211095,trailing_stop,8.604959452527162,30,14.321009950028587,0.7102599378973911,90.1126083527905,2.0085761625723335,2,90.0,True,2.5841247745114724
GE,VCP,v3,2023-05-31,79.966796875,74.36912109375,0,2023-08-02,88.32725977724107,trailing_stop,10.454917827094807,43,16.268334554836652,0.45305944433709566,92.17723737095709,1.7950630121453433,2,100.0,True,5.898288819156236
GE,VCP,v3,2023-07-25,92.34550476074219,85.88131942749023,0,2023-10-02,85.88131942749023,stop,-7.000000000000009,48,0.43529223903851777,7.666616246320228,92.30045101420906,3.2315101505976873,2,90.0,True,13.143373794298304
GE,VCP,v3,2023-09-15,91.02921295166016,84.65716804504395,0,2023-10-03,84.65716804504395,stop,-6.999999999999999,12,1.887596924867348,7.249954518690187,91.93174892538117,1.5389809659921212,2,90.0,True,7.0663783962102
GE,VCP,v3,2023-10-24,89.61973571777344,83.3463542175293,0,2024-03-05,124.59297943115234,time,39.02404245367909,90,42.802164678504376,6.944215182911606,91.05432326924732,2.9509519202076904,2,90.0,True,0.8108686032458972
GE,VCP,v3,2023-12-14,95.71688842773438,89.01670623779296,0,2024-03-11,131.82223309736133,trailing_stop,37.72097616491813,58,44.96944859465068,0.0,87.08696995805053,1.7470596481205314,2,100.0,True,10.087670799492704
GE,VCP,v3,2024-01-22,103.57492065429688,96.32467620849609,0,2024-03-11,131.82223309736133,trailing_stop,27.27234765387445,34,33.97089226723628,3.642473820836529,86.95818623247709,1.8750522625401418,2,90.0,True,10.661723831043599
GE,VCP,v3,2024-07-23,170.68972778320312,158.7414468383789,0,2024-08-02,158.7414468383789,stop,-7.000000000000009,8,1.5872013543886745,7.930233461635414,91.48385691669368,2.7493281484141825,2,90.0,True,12.457050504437339
GE,VCP,v3,2024-09-20,186.0021514892578,172.98200088500977,0,2024-10-29,172.98200088500977,stop,-6.999999999999999,27,4.086072796895382,7.685051549161294,91.66007178390011,1.8602555334692599,3,100.0,True,10.25272595741949
GE,VCP,v3,2025-07-16,265.8551330566406,247.24527374267578,0,2025-09-29,291.5312809901293,trailing_stop,9.65794703238562,52,15.429417928826966,4.327884703942874,91.58540622697556,1.7644067023431422,2,90.0,True,7.30963389020162
GE,VCP,v3,2025-09-19,300.7724914550781,279.71841705322265,0,2025-11-28,298.45001220703125,open,-0.7721714299107533,49,5.285563814611891,5.5631693008917775,91.237993656286,1.9015712400696754,2,90.0,True,11.577067509570968
CAT,VCP,v3,2024-03-15,337.9712219238281,314.3132363891601,0,2024-04-12,353.4973037343366,trailing_stop,4.59390646402661,19,10.098848909501697,0.0,87.77799731514844,1.7557352290704487,2,90.0,True,12.492787591859033
CAT,VCP,v3,2024-09-24,378.8276672363281,352.30973052978516,0,2024-11-08,391.6604877347682,trailing_stop,3.387508782571162,33,8.8289566132328,4.511364461547408,79.6629250135096,1.5266564543088033,2,100.0,True,10.585123022299012
CAT,VCP,v3,2024-10-30,373.5982360839844,347.4463595581054,0,2024-11-08,391.6604877347682,trailing_stop,4.834672625896299,7,10.352286974627681,1.711305979345939,80.22967746665752,1.7275846163457103,2,90.0,True,9.233893648104127
CAT,VCP,v3,2025-07-31,436.76513671875,406.1915771484375,0,2025-08-11,406.1915771484375,stop,-7.000000000000002,7,0.39267795684524137,7.127531835320815,86.31693592799878,1.621011560989556,2,100.0,True,7.986985995792042
CAT,VCP,v3,2025-09-17,449.3689270019531,417.9131021118164,0,2025-10-14,503.53531335712273,trailing_stop,12.053878917830511,19,17.95145149245317,0.39719599532327443,84.01898788154969,1.5926959490416364,2,100.0,True,10.638387329998004
CAT,VCP,v3,2025-10-29,585.489990234375,544.5056909179688,0,2025-11-14,544.5056909179688,stop,-6.999999999999998,12,1.4142050991444717,7.598761887725083,91.62019540466808,2.358613853992349,2,100.0,True,13.473519588362375
SBUX,VCP,v3,2024-10-23,94.53976440429688,87.92198089599609,0,2024-12-18,87.92198089599609,stop,-7.000000000000009,39,6.460888127678628,7.634970816894213,71.91381911167916,1.846752847421677,2,90.0,True,9.414684864855731
SBUX,VCP,v3,2025-01-28,97.8131332397461,90.96621391296387,0,2025-01-29,101.87138928559682,trailing_stop,4.148988905103047,1,9.630514636950588,0.0,71.56263726753552,1.837634260839941,3,100.0,True,8.495238602746028
DE,VCP,v3,2024-11-21,431.4756774902344,401.27238006591796,0,2025-01-10,401.27238006591796,stop,-7.000000000000002,32,7.279337750572634,7.5391075900101345,73.29020956922389,3.621218786659963,2,100.0,True,10.060347877184185
DE,VCP,v3,2025-05-16,527.9589233398438,491.0017987060547,0,2025-07-17,491.0017987060547,stop,-7.0000000000000036,41,0.18626937654722223,7.123921111031928,90.36853398824307,1.6185583538383255,3,100.0,True,3.922461394221329
DE,VCP,v3,2025-06-27,509.9391174316406,474.24337921142575,0,2025-08-14,474.24337921142575,stop,-7.000000000000006,33,3.372928240767186,8.055184300138515,82.33422706464388,1.5432488014703534,3,100.0,True,6.423953234125893
DE,VCP,v3,2025-08-13,511.75274658203125,475.93005432128905,0,2025-08-14,475.93005432128905,stop,-7.000000000000002,1,0.0,8.381032669481527,78.40084245657548,1.6110023744381134,3,85.0,True,9.690809567058373
GS,VCP,v3,2024-03-21,400.6282958984375,372.58431518554687,0,2024-06-11,433.7430251840988,trailing_stop,8.265699059373524,56,13.963893746708974,6.4272088658319015,73.60577379551033,1.918199824053456,2,100.0,True,14.715030981163924
GS,VCP,v3,2024-04-22,404.1531677246094,375.8624459838867,0,2024-06-11,433.7430251840988,trailing_stop,7.321446377887115,35,12.969943555670651,0.5990059293421115,79.7524491809727,1.7312980246511303,2,100.0,True,7.724247572373315
GS,VCP,v3,2024-07-09,460.6497802734375,428.40429565429685,0,2024-08-02,478.7385072812418,trailing_stop,3.926785115813367,18,9.396615911382494,1.1885840996692376,83.76500277232887,2.1182644190934496,2,90.0,True,14.427966544974637
GS,VCP,v3,2024-11-06,584.0623779296875,543.1780114746093,0,2024-12-18,543.1780114746093,stop,-7.000000000000009,29,3.181562912905155,8.186940090848053,90.48820272985293,4.041002905092604,3,100.0,True,10.78941680684592
GS,VCP,v3,2024-12-20,557.5283203125,518.501337890625,0,2025-02-20,628.9113067626953,trailing_stop,12.803472729454251,39,18.74049760995185,1.6498840032432596,87.9153844772223,2.029802256204833,3,100.0,True,7.930174334505262
GS,VCP,v3,2025-01-27,623.691162109375,580.0327807617188,0,2025-03-04,580.0327807617188,stop,-6.999999999999999,25,6.144185147099062,9.931729267253003,90.62028058910923,1.5241526144376365,2,90.0,True,7.6630416104005725
GS,VCP,v3,2025-09-19,805.0,748.65,0,2025-10-14,748.65,stop,-7.0000000000000036,17,2.515527950310559,7.768941369856367,90.65347650788074,2.0545242034639264,2,100.0,True,11.577067509570968
GS,VCP,v3,2025-11-12,838.969970703125,780.2420727539062,0,2025-11-14,780.2420727539062,stop,-7.000000000000006,2,0.27534460998812427,7.267241120922028,86.81917011669904,1.5113547296536791,2,100.0,True,12.031165127554853
MS,VCP,v3,2024-07-15,100.68403625488281,93.63615371704101,0,2024-08-02,93.63615371704101,stop,-7.0000000000000036,14,3.657593894025483,8.897133086905038,76.56505336520124,1.759950426583849,2,100.0,True,14.967820929138895
MS,VCP,v3,2024-08-14,95.97262573242188,89.25454193115233,0,2024-11-26,125.90257731815218,trailing_stop,31.185925525448287,73,38.090447921524515,5.380139117221941,73.16470523498674,1.507662122973194,2,90.0,True,8.435500878141934
MS,VCP,v3,2024-10-16,115.34280395507812,107.26880767822264,0,2024-11-26,125.90257731815218,trailing_stop,9.15512108339824,29,14.900127456208676,2.660865756130142,85.93583364781237,3.86859487355517,2,100.0,True,10.841794421235257
MS,VCP,v3,2024-12-20,120.07769012451172,111.67225181579589,0,2025-02-20,132.1266127043251,trailing_stop,10.03427245087705,39,15.825549948291648,0.8020160710483362,87.90454249764642,2.08617219919048,2,90.0,True,7.930174334505262
MS,VCP,v3,2025-09-19,158.9423828125,147.81641601562498,0,2025-11-14,163.18150405883787,trailing_stop,2.6670804673531596,40,8.070611018266495,5.046596181858384,90.00162709743911,2.8530118784236334,2,100.0,True,11.577067509570968
BLK,VCP,v3,2023-02-03,707.767578125,658.22384765625,0,2023-02-21,658.22384765625,stop,-7.0000000000000036,11,0.0,8.576790695307851,81.33770903576773,1.5612333977676622,2,90.0,True,5.356844329148594
BLK,VCP,v3,2024-10-11,970.2869873046875,902.3668981933594,0,2024-12-18,1012.5761478488397,trailing_stop,4.358417777159434,47,9.850966081220456,2.151960410972854,84.37082922058215,1.8999606692777895,3,85.0,True,10.672954496343156
BLK,VCP,v3,2024-11-14,1025.9609375,954.1436718749999,0,2025-01-10,954.1436718749999,stop,-7.0000000000000115,37,3.8898841423548935,8.998815207954038,85.4153608776224,1.9670698218814244,2,90.0,True,10.516576305875255
BLK,VCP,v3,2024-12-20,1012.9330444335938,942.0277313232422,0,2025-01-10,942.0277313232422,stop,-7.000000000000002,12,2.799676802410382,7.828398554156372,80.85466554813196,3.00987565702642,2,90.0,True,7.930174334505262
BLK,VCP,v3,2025-07-16,1077.1546630859375,1001.7538366699218,0,2025-09-02,1108.0641895191477,trailing_stop,2.8695532306064186,33,8.2837402427436,0.47402022724173326,78.83939013480278,2.2195093483740105,3,100.0,True,7.30963389020162
BLK,VCP,v3,2025-09-19,1142.8499755859375,1062.8504772949218,0,2025-11-03,1062.8504772949218,stop,-7.000000000000006,31,6.7454143122143915,7.494424136479494,74.65528179727264,2.59503642186622,2,100.0,True,11.577067509570968
AXP,VCP,v3,2023-01-27,166.5767364501953,154.91636489868162,0,2023-03-13,154.91636489868162,stop,-7.0000000000000115,30,5.71065262107648,8.641391242686803,79.29970259027395,4.832701048069792,3,100.0,True,3.484761012538212
AXP,VCP,v3,2023-03-14,158.45623779296875,147.36430114746094,0,2023-05-03,147.36430114746094,stop,-7.000000000000002,35,1.9870755416944064,7.020615647562732,76.43782606643047,1.5045566654650715,2,90.0,True,0.16813699633202095
AXP,VCP,v3,2023-04-20,158.43199157714844,147.34175216674802,0,2023-05-03,147.34175216674802,stop,-7.000000000000014,9,0.9125261550596722,7.006386209446055,72.60974631226117,3.213511438515384,2,90.0,True,5.076665470762464
AXP,VCP,v3,2024-09-20,265.4296569824219,246.84958099365232,0,2024-11-19,278.98317279627355,trailing_stop,5.106255257207095,42,10.638163428639063,2.2157122760954224,90.09007850503937,2.0205901704605145,2,97.5,True,10.25272595741949
AXP,VCP,v3,2024-11-06,292.0143127441406,271.5733108520508,0,2025-02-03,307.3740771080879,trailing_stop,5.2599354530287314,58,10.799932055819724,4.692373095158846,90.2388913618879,1.9512847907495936,2,97.5,True,10.78941680684592
AXP,VCP,v3,2024-12-20,295.46710205078125,274.78440490722653,0,2025-02-03,307.3740771080879,trailing_stop,4.029881829368672,27,9.505138767756504,2.278746205517213,88.65225288228763,2.3211762453734015,2,90.0,True,7.930174334505262
AXP,VCP,v3,2025-01-23,323.1549987792969,300.5341488647461,0,2025-02-20,300.5341488647461,stop,-6.999999999999998,19,0.0,8.340755619328682,90.36575651533221,1.6344521483174586,2,97.5,True,9.704210158726154
AXP,VCP,v3,2025-10-17,346.6199951171875,322.3565954589844,0,2025-11-14,358.3685104370117,trailing_stop,3.389451123802652,20,8.831001182950162,1.1453468572581689,78.1760068749088,2.7056567992278797,2,90.0,True,10.370764348961997
MMM,VCP,v3,2024-04-30,93.0689697265625,86.55414184570311,0,2024-05-23,97.1462347907429,trailing_stop,4.380907058667822,17,9.874639009124024,1.5542329428863284,79.10290467651842,2.7174896882083894,2,97.5,True,7.749661635635036
MMM,VCP,v3,2024-05-31,97.240234375,90.43341796874999,0,2024-07-26,118.10650004970086,trailing_stop,21.458469129384856,38,27.851020136194588,2.4565526015267514,84.01087061873346,4.015787139800909,2,90.0,True,11.204512238899975
MMM,VCP,v3,2024-07-26,123.47782897949219,114.83438095092772,0,2024-10-08,130.51270103038885,trailing_stop,5.697275461544642,51,11.26028995952068,6.173332054073641,91.42862935921131,6.857021176448911,2,90.0,True,10.167700970984903
MMM,VCP,v3,2024-09-20,131.5729522705078,122.36284561157225,0,2024-10-25,122.36284561157225,stop,-7.000000000000009,25,4.874963766360494,7.620395936423352,91.31379692367013,2.5977114224284907,3,100.0,True,10.25272595741949
MMM,VCP,v3,2025-01-17,138.4166717529297,128.7275047302246,0,2025-02-21,144.52142722013633,trailing_stop,4.410419200154935,23,9.905704421215717,0.0,90.13257761510498,1.7856552414260787,2,100.0,True,7.7892363604433275
MMM,VCP,v3,2025-02-26,145.411865234375,135.23303466796875,0,2025-04-04,135.23303466796875,stop,-6.999999999999998,27,6.050334703909253,14.244049401190498,91.1029438122723,1.5731030228254164,2,100.0,True,4.789289303685544
MMM,VCP,v3,2025-07-17,157.63119506835938,146.59701141357422,0,2025-07-24,146.59701141357422,stop,-6.999999999999998,5,3.213030139374669,7.061107859219554,84.04668406981448,1.6239260987892148,2,100.0,True,7.9097086188514245
MMM,VCP,v3,2025-10-21,165.92701721191406,154.31212600708008,0,2025-11-28,172.0500030517578,open,3.690168088795187,27,3.883019181285453,4.374690702077038,74.88034620660798,2.4855016375542136,2,100.0,True,11.348645559543257
LMT,VCP,v3,2023-01-13,417.7095031738281,388.4698379516601,0,2023-04-21,451.04970068216267,trailing_stop,7.98167081548541,67,13.664916647879387,2.714377374211337,84.66888902686013,1.647232908261821,2,100.0,True,1.1165163872834738
LMT,VCP,v3,2024-07-24,498.3258361816406,463.44302764892575,0,2024-10-22,571.9149910319157,trailing_stop,14.767276650583245,63,20.807659632192895,0.4522542691192207,71.721834658317,2.5910757970764156,3,87.5,True,9.773502969928252
LMT,VCP,v3,2024-09-20,556.2724609375,517.333388671875,0,2024-10-22,571.9149910319157,trailing_stop,2.8120266942665104,22,8.223185993964751,0.1923242046263095,83.88251080663477,3.5469173862890666,3,95.0,True,10.25272595741949
AMD,VCP,v3,2023-12-11,134.41000366210938,125.0013034057617,0,2024-01-02,143.49750289916992,trailing_stop,6.761028933460507,14,12.380030456274222,1.867427793495835,91.09780746205101,1.787068278015309,2,100.0,True,8.041649312954656
AMD,VCP,v3,2024-07-10,183.9600067138672,171.08280624389647,0,2024-07-17,171.08280624389647,stop,-7.000000000000008,5,1.712325386780345,13.367042128307366,85.51157888714621,1.7532068627906938,2,90.0,True,15.400605213025154
AMD,VCP,v3,2025-06-25,143.39999389648438,133.36199432373047,0,2025-07-22,153.86200637817382,trailing_stop,7.29568544419996,18,12.942826783368389,6.903761727933438,75.54324714517699,1.6674191678110628,2,97.5,True,5.215375328465069
GILD,VCP,v3,2025-02-03,96.33654022216797,89.5929824066162,0,2025-03-11,111.59489306418976,trailing_stop,15.838593338346502,25,21.935361408785795,3.882904763515295,84.51987167367302,1.562688544742206,2,97.5,True,6.910436846617721
GILD,VCP,v3,2025-03-07,114.97128295898438,106.92329315185546,0,2025-03-19,106.92329315185546,stop,-7.000000000000008,8,2.17186889227568,9.255983576485198,93.13508034496449,1.909451746380909,2,90.0,True,1.121000479400207
GILD,VCP,v3,2025-04-09,103.78720092773438,96.52209686279296,0,2025-04-25,96.52209686279296,stop,-7.000000000000004,11,2.1947684244001984,11.287408990661117,92.16009082083116,1.9834647307014242,2,90.0,False,-3.865854584916072
GILD,VCP,v3,2025-08-08,118.58648681640625,110.2854327392578,0,2025-09-16,110.2854327392578,stop,-7.000000000000011,26,2.0266254196384197,7.1142045919520145,90.17405320993224,1.7677855511536777,3,100.0,True,8.559185971769468
GILD,VCP,v3,2025-09-08,115.08082580566406,107.02516799926757,0,2025-10-28,118.37950057983397,trailing_stop,2.8663982475589393,36,8.28041920795679,5.753197089819233,76.1291003507145,2.6675478206551477,3,100.0,True,9.341572267245203
GILD,VCP,v3,2025-10-17,122.80999755859375,114.21329772949218,0,2025-10-31,114.21329772949218,stop,-7.0000000000000036,10,1.4656812047398786,7.157398493826657,81.46864542460025,2.220553378959178,2,100.0,True,10.370764348961997
ISRG,VCP,v3,2023-07-18,354.92999267578125,330.08489318847654,0,2023-07-21,330.08489318847654,stop,-7.000000000000006,3,0.8846856318805992,7.156339114932608,91.39952345601021,1.5112647102153467,2,100.0,True,13.466681848713453
ISRG,VCP,v3,2024-01-10,364.45001220703125,338.938511352539,0,2024-03-11,382.84999999999997,trailing_stop,5.048700007318515,41,10.57757895507213,2.5463022275947225,83.80051663411845,2.919422639857519,2,100.0,True,9.773287609981088
ISRG,VCP,v3,2024-06-05,417.239990234375,388.03319091796874,0,2024-07-25,445.340998840332,trailing_stop,6.734974897821257,34,12.352605155601326,2.9143907455464113,78.49525450652634,1.667043509640941,2,100.0,True,12.397373405794053
ISRG,VCP,v3,2024-07-19,455.010009765625,423.1593090820312,0,2024-09-05,469.27150115966793,trailing_stop,3.134324759446283,33,8.562447115206622,5.584493333497878,84.71940167295287,2.916730884315204,2,100.0,True,11.791851066341227
ISRG,VCP,v3,2024-10-18,521.1500244140625,484.66952270507807,0,2025-01-15,555.3699768066406,trailing_stop,6.5662382787091165,59,12.17498766179908,3.9297726234118735,90.1380170149629,3.402879772515408,2,100.0,True,11.030126758642218
ISRG,VCP,v3,2024-12-20,524.4299926757812,487.71989318847653,0,2025-01-15,555.3699768066406,trailing_stop,5.899735820408612,15,11.473406126745916,0.8428165764517628,83.79740672204336,2.843551537248292,3,92.5,True,7.930174334505262
ISRG,VCP,v3,2025-01-24,584.0499877929688,543.1664886474609,0,2025-03-06,543.1664886474609,stop,-7.000000000000001,28,4.285597092717948,7.968492252385941,90.07232963409771,2.8458300299492314,3,85.0,True,9.29129644796757
MDT,VCP,v3,2023-04-24,82.62914276123047,76.84510276794433,0,2023-05-25,76.84510276794433,stop,-7.0000000000000115,23,2.5978366793975107,8.22834546221507,70.72718791418866,2.379021446067344,2,100.0,True,5.184594045784513
MDT,VCP,v3,2025-09-24,95.01915740966797,88.36781639099121,0,2025-11-28,105.33000183105469,open,10.85133219707715,46,11.903751548354467,6.292579998749032,71.30946400603106,1.5702766875111338,2,90.0,True,10.955529676181712
SYK,VCP,v3,2023-01-09,254.1517333984375,236.36111206054687,0,2023-02-07,262.720853246176,trailing_stop,3.3716550869651316,20,8.812268512594876,4.674325409409284,90.17390088369808,1.6268761073360802,2,100.0,False,-1.8517608878340936
SYK,VCP,v3,2023-03-14,268.4562683105469,249.66432952880857,0,2023-05-02,284.35473595496427,trailing_stop,5.9221815696351126,34,11.497033231194852,2.854650562132246,90.17006497566251,1.616012024491059,3,100.0,True,0.16813699633202095
SYK,VCP,v3,2023-04-19,292.2420654296875,271.78512084960937,0,2023-05-23,271.78512084960937,stop,-7.000000000000002,24,2.4222075112084367,9.100946808509544,90.45401428163858,1.6829574728310677,3,100.0,True,5.699957708163531
SYK,VCP,v3,2023-05-31,269.0723876953125,250.2373205566406,0,2023-07-19,285.4108889846961,trailing_stop,6.072158287711301,33,11.65490346074874,1.1212637764958133,83.13310269971748,2.1202690508870927,2,90.0,True,5.898288819156236
SYK,VCP,v3,2024-01-30,311.645263671875,289.8300952148437,0,2024-04-12,337.92364322941893,trailing_stop,8.432144691668379,51,14.139099675440402,0.0,71.20202153943703,1.5351162431274015,4,100.0,True,11.728237607316816
SYK,VCP,v3,2024-11-13,384.8456115722656,357.906418762207,0,2024-12-18,357.906418762207,stop,-7.000000000000004,24,2.539020740501137,7.686572215664042,73.35507135330411,1.5082385484266332,2,90.0,True,11.351035464374748
SYK,VCP,v3,2025-01-21,393.1997985839844,365.67581268310545,0,2025-03-07,365.67581268310545,stop,-7.000000000000004,32,2.612103012895053,7.174438828596852,73.63632486548796,1.6023666943116401,2,90.0,True,8.689020063429545
ADI,VCP,v3,2023-02-15,186.88912963867188,173.80689056396483,0,2023-03-02,173.80689056396483,stop,-7.000000000000009,10,0.06117614938296797,8.219955699372472,90.20096823364727,2.303293314023893,2,90.0,True,5.8764249184019155
ADI,VCP,v3,2023-12-14,194.32159423828125,180.71908264160155,0,2024-01-04,180.71908264160155,stop,-7.000000000000009,13,1.2989030010496094,9.172214332332354,70.37737957013972,1.699728043513038,2,100.0,True,10.087670799492704
ADI,VCP,v3,2024-05-22,234.24180603027344,217.8448796081543,0,2024-07-25,217.8448796081543,stop,-7.000000000000004,43,2.0615814816857916,9.179644785092393,85.09124646067724,2.9033144467387584,4,100.0,True,12.330367182949455
ADI,VCP,v3,2024-08-15,219.02590942382812,203.69409576416015,0,2024-11-15,203.69409576416015,stop,-7.000000000000002,65,6.38988265767807,7.807110705655837,73.46776551748042,1.5631428633298126,2,90.0,True,10.133100527036644
BKNG,VCP,v3,2023-02-24,2417.613525390625,2248.380578613281,0,2023-04-12,2507.163370281735,trailing_stop,3.704059559173787,32,9.162167957025048,2.825703454791855,90.42329554943143,1.773958031746831,3,100.0,True,1.4283147033509354
BKNG,VCP,v3,2023-08-03,2799.53564453125,2603.568149414062,0,2023-08-04,2965.6521071715215,trailing_stop,5.9337148632049574,1,11.509173540215752,0.0,84.06839009745495,1.9912136255643393,3,92.5,True,10.577029046279765
BKNG,VCP,v3,2023-11-02,2798.26416015625,2602.3856689453123,0,2024-01-04,3353.2299150769227,trailing_stop,19.83250054882897,42,26.139474261925244,2.683711246524606,79.4093898328222,2.0388961128116496,2,90.0,True,2.2647268496132393
BKNG,VCP,v3,2023-12-15,3429.658447265625,3189.582355957031,0,2024-02-23,3669.183818972328,trailing_stop,6.9839424359492766,46,12.614676248367662,2.7311520086025785,90.19724714091784,3.3353988241455874,2,100.0,True,9.806804077694409
BKNG,VCP,v3,2024-02-08,3785.624755859375,3520.6310229492187,0,2024-02-23,3520.6310229492187,stop,-7.000000000000001,10,2.025398868044866,9.085156946125885,87.17431914945809,1.5275320923741054,2,100.0,True,12.662449366877235
BKNG,VCP,v3,2024-06-21,3951.526123046875,3674.9192944335937,0,2024-07-25,3674.9192944335937,stop,-7.000000000000002,23,3.891090830312427,8.674887662829244,77.74670768920024,2.194075731285177,3,100.0,True,13.501965735057532
BKNG,VCP,v3,2024-10-30,4432.138671875,4121.88896484375,0,2024-12-18,5042.61106994548,trailing_stop,13.773765743033985,34,19.76185867687788,0.0,87.17743614222705,1.6090512267322261,2,100.0,True,9.233893648104127
BKNG,VCP,v3,2024-12-20,5020.9423828125,4669.476416015625,0,2025-01-13,4669.476416015625,stop,-7.000000000000008,13,1.5301319377705294,7.690661953263797,88.86374020607195,1.989499150666598,2,90.0,True,7.930174334505262
BKNG,VCP,v3,2025-07-30,5603.263671875,5211.03521484375,0,2025-10-07,5211.03521484375,stop,-7.000000000000008,48,3.2441253176539653,7.411103531668033,81.48764725358068,1.8480921956171255,2,100.0,True,8.450374380692798
TJX,VCP,v3,2023-01-20,76.30372619628906,70.96246536254883,0,2023-03-13,70.96246536254883,stop,-7.000000000000002,35,4.4254348261347465,7.982982159569168,90.54556611719896,1.8822617659283554,2,100.0,True,0.7364505757947734
TJX,VCP,v3,2023-08-16,86.69320678710938,80.62468231201171,0,2023-12-22,89.48707580566406,time,3.222708124542596,90,5.005057749172992,2.911200627241224,83.25693602199851,3.267386351213231,2,90.0,True,7.407080452979136
TJX,VCP,v3,2023-11-02,87.28533172607422,81.17535850524902,0,2024-03-05,95.50930991432628,trailing_stop,9.421947566243096,83,15.180997438150637,2.600855814923574,80.80183377415193,1.7182167496067822,2,100.0,True,2.2647268496132393
TJX,VCP,v3,2024-05-30,101.43831634521484,94.3376342010498,0,2024-08-05,107.53472931094656,trailing_stop,6.009970576586075,45,11.589442712195877,0.4546660559813802,73.73909853176698,1.6308650455451457,2,90.0,True,10.304496456643525
TJX,VCP,v3,2024-08-21,118.39027404785156,110.10295486450194,0,2024-10-07,110.10295486450194,stop,-7.0000000000000115,32,0.7485578066728609,7.493969041582506,81.10519158908129,2.1788378020694674,2,90.0,True,11.013768966673869
TJX,VCP,v3,2024-11-25,123.2620849609375,114.63373901367187,0,2025-03-12,114.63373901367187,stop,-7.0000000000000036,71,2.572330691141422,7.679088876040545,74.45028153230105,1.8402254158610063,2,100.0,True,10.568057999971511
SPGI,VCP,v3,2023-07-12,398.6603088378906,370.7540872192383,0,2023-08-21,370.7540872192383,stop,-7.000000000000002,28,5.433390825345996,7.3224063078794766,76.45480577079469,1.743641865267204,3,92.5,True,11.922382897656334
SPGI,VCP,v3,2024-08-20,492.447509765625,457.97618408203124,0,2024-12-27,498.11688232421875,time,1.1512643370441706,90,7.310985971804322,3.957583860408711,74.99165243151184,1.852877858711613,2,100.0,True,10.780885595507378
SPGI,VCP,v3,2024-09-20,518.91748046875,482.5932568359375,0,2024-10-28,482.5932568359375,stop,-7.000000000000001,26,1.837054640311667,7.134247423320235,80.21774455877265,1.6482708007106448,2,90.0,True,10.25272595741949
SPGI,VCP,v3,2025-02-11,536.5427856445312,498.98479064941404,0,2025-03-07,498.98479064941404,stop,-7.000000000000004,17,0.9028563822617405,9.6336693078934,74.92064827799828,1.7902229576480322,2,90.0,True,7.637067939894054
SPGI,VCP,v3,2025-08-01,543.6416015625,505.58668945312496,0,2025-09-18,505.58668945312496,stop,-7.000000000000008,33,6.119193076900065,7.6390037579786085,71.16943683748464,1.6682947028656976,3,100.0,True,6.173939503842319
MDLZ,VCP,v3,2023-05-31,68.72347259521484,63.9128295135498,0,2023-10-03,63.9128295135498,stop,-7.0000000000000036,86,5.129820480526906,7.179017059558919,81.13428909910006,2.273674418418421,2,90.0,True,5.898288819156236
VRTX,VCP,v3,2023-04-27,339.3699951171875,315.61409545898437,0,2023-08-01,348.65,trailing_stop,2.734480070817106,65,8.141557969281171,5.704683864251854,81.54591912535766,2.347762699414411,2,97.5,True,5.016833292363536
VRTX,VCP,v3,2023-08-02,358.3999938964844,333.31199432373046,0,2023-11-09,368.0490127563476,trailing_stop,2.6922486116587785,70,8.097103801746092,5.078119977510315,71.70467160713757,1.5998481430504192,2,100.0,True,11.025458710457817
VRTX,VCP,v3,2023-10-13,371.0,345.03,0,2023-11-16,345.03,stop,-7.000000000000008,24,4.425879630117082,7.843667413346529,79.6956386039823,1.555291901554949,3,100.0,True,3.111586744217454
VRTX,VCP,v3,2023-12-13,405.07000732421875,376.7151068115234,0,2024-02-02,425.97999420166013,trailing_stop,5.162067420287919,34,10.69691307398729,2.4835207190597326,81.66468205981074,4.335288306252151,2,90.0,True,9.840025447046411
VRTX,VCP,v3,2024-05-31,455.3399963378906,423.4661965942382,0,2024-08-05,485.1080139160156,trailing_stop,6.537536306394492,44,12.144775059362635,0.3535787245818377,79.60248302071405,2.2203843804332504,2,97.5,True,11.204512238899975
VRTX,VCP,v3,2024-08-01,505.7799987792969,470.37539886474605,0,2024-08-05,470.37539886474605,stop,-7.000000000000009,2,0.5674394250690519,8.383090276170869,83.53434046917764,1.58406860447991,2,100.0,True,9.366633278928843
VRTX,VCP,v3,2024-08-30,495.8900146484375,461.1777136230468,0,2024-09-11,461.1777136230468,stop,-7.000000000000009,7,0.0,7.098350676003506,77.07736635032335,1.5288450491001129,2,90.0,True,10.641062506358775
VRTX,VCP,v3,2024-11-05,499.8800048828125,464.8884045410156,0,2024-11-15,464.8884045410156,stop,-7.000000000000011,8,4.000960191374053,8.358005595581167,71.2841096637156,1.652959958246667,2,90.0,True,8.21371004739758
ADP,VCP,v3,2023-07-26,241.5158233642578,224.60971572875974,0,2023-10-25,224.60971572875974,stop,-7.0000000000000115,64,1.3375500755014753,13.953096063221837,71.15952465464457,1.8755436918498107,3,92.5,True,13.038898175265892
ADP,VCP,v3,2025-02-28,310.3388366699219,288.6151181030273,0,2025-03-11,288.6151181030273,stop,-7.000000000000004,7,2.43035073443485,7.345011277911303,79.8760421443155,1.942264130442485,2,100.0,True,4.589231607676298
ADP,VCP,v3,2025-05-30,322.2378234863281,299.68117584228514,0,2025-06-25,299.68117584228514,stop,-7.000000000000004,17,1.3516418004064348,8.240386626804305,81.22964241352273,1.5835308460981259,2,100.0,True,2.5841247745114724
LRCX,VCP,v3,2023-05-25,58.65967559814453,54.55349830627441,0,2023-07-06,60.419585110319396,trailing_stop,3.000203281435352,27,8.421266612037217,1.3818292580382165,90.51150959718423,1.522852418011653,3,85.0,True,5.09620995796488
LRCX,VCP,v3,2023-07-21,60.92471694946289,56.65998676300048,0,2023-07-27,66.44567612297503,trailing_stop,9.061936517639927,4,14.802038439620993,0.0,90.44590797172756,1.9293467262863935,2,90.0,True,12.562339519936735
LRCX,VCP,v3,2023-12-14,75.38308715820312,70.10627105712891,0,2024-01-26,84.01738984702929,trailing_stop,11.453899030038054,28,17.319893715829544,5.729860297764749,90.49213081957623,1.7169306054785567,2,100.0,True,10.087670799492704
LRCX,VCP,v3,2024-01-18,77.19493103027344,71.7912858581543,0,2024-01-26,84.01738984702929,trailing_stop,8.837962189616182,6,14.56627598906968,0.0,90.7071643347365,1.61446249033256,2,100.0,True,9.262984969649954
LRCX,VCP,v3,2024-06-12,102.1729507446289,95.02084419250488,0,2024-07-11,105.90262500570437,trailing_stop,3.6503538694868545,19,9.105635652091424,2.244252471923154,90.29047683027284,1.5706265823048786,2,100.0,True,13.198612804199659
LRCX,VCP,v3,2025-07-16,100.17219543457031,93.16014175415039,0,2025-07-31,93.16014175415039,stop,-7.0000000000000036,11,2.211808983501125,9.395233865397234,86.64534383402953,1.5437138684055163,2,100.0,True,7.30963389020162
REGN,VCP,v3,2023-02-03,778.8106689453125,724.2939221191406,0,2023-03-16,724.2939221191406,stop,-7.000000000000006,28,2.2154484394733793,7.338515285793677,85.12543904317573,2.2616839357203973,3,85.0,True,5.356844329148594
REGN,VCP,v3,2023-03-24,815.4772338867188,758.3938275146484,0,2023-05-04,758.3938275146484,stop,-7.000000000000009,28,2.1402402372071783,9.008529104021385,88.85702049885268,1.7611157371456017,2,90.0,True,1.7095886180059516
REGN,VCP,v3,2024-01-02,900.0084228515625,837.0078332519531,0,2024-03-20,943.1825014265371,trailing_stop,4.7970749471636065,54,10.312710470698534,2.6508248529363936,72.9463212591908,1.768405802222654,3,100.0,True,9.492899029997055
REGN,VCP,v3,2024-03-15,959.1504516601562,892.0099200439453,0,2024-04-15,892.0099200439453,stop,-7.000000000000004,20,1.5334817151122482,7.193588927343848,72.42324396789753,2.1487007306173598,3,85.0,True,12.492787591859033
REGN,VCP,v3,2024-06-21,1047.3314208984375,974.0182214355468,0,2024-09-05,1144.2934930203885,trailing_stop,9.258012333743748,52,15.008434035519736,3.9377518056175376,75.56612615154928,2.7548430483545565,2,100.0,True,13.501965735057532
REGN,VCP,v3,2024-08-01,1087.1107177734375,1011.0129675292968,0,2024-09-05,1144.2934930203885,trailing_stop,5.260069127463827,24,10.800072765751398,3.945500982751652,81.11373026239657,2.0493000830951575,2,100.0,True,9.366633278928843
ZTS,VCP,v3,2023-07-25,185.37205505371094,172.39601119995115,0,2023-09-21,172.39601119995115,stop,-7.000000000000013,41,2.545363221601271,7.194315533956197,70.14705501378054,1.9256138600549118,2,97.5,True,13.143373794298304
ZTS,VCP,v3,2023-12-14,195.52932739257812,181.84227447509764,0,2024-01-25,181.84227447509764,stop,-7.000000000000009,27,0.0,7.176622436814937,77.36436272081875,1.5389701578096517,2,100.0,True,10.087670799492704
CB,VCP,v3,2023-09-15,207.25685119628906,192.7488716125488,0,2023-12-15,213.7812422343999,trailing_stop,3.1479736377600958,64,8.576814355536953,3.7935902633611276,70.88899547463409,2.2103778562208403,2,100.0,True,7.0663783962102
CB,VCP,v3,2023-10-25,210.62646484375,195.88261230468748,0,2024-03-06,245.64779663085938,time,16.62722289579774,90,20.02061069776194,3.7978089335205683,75.86636443187253,1.8428086024591763,2,90.0,False,-0.6761093185412345
CB,VCP,v3,2023-11-30,224.08547973632812,208.39949615478514,0,2024-04-09,243.0543991925848,trailing_stop,8.465037305664163,88,14.173723479646489,5.096045044001515,76.30847624728699,2.9249909606758617,2,100.0,True,7.2540629753087105
CB,VCP,v3,2024-01-19,232.67665100097656,216.3892854309082,0,2024-04-09,243.0543991925848,trailing_stop,4.460158828555897,55,9.958061924795683,0.0,70.0569873102076,1.848164747829854,2,90.0,True,10.52864157941044
CB,VCP,v3,2024-04-19,246.12791442871094,228.89896041870117,0,2024-05-29,257.3709367297984,trailing_stop,4.56795903349026,27,10.07153582472659,4.540181719662339,75.92617852916425,1.6219602425629693,2,100.0,True,6.815768975257342
CB,VCP,v3,2024-05-17,269.8052062988281,250.91884185791014,0,2024-06-28,250.91884185791014,stop,-7.000000000000006,28,0.39740475682799126,7.178717978846444,78.00637187366198,2.513756644663824,2,90.0,True,12.559061053566541
CB,VCP,v3,2024-08-30,280.5135192871094,260.8775729370117,0,2025-01-10,260.8775729370117,stop,-7.000000000000014,90,6.624505521598883,10.691664830079887,74.86930771019537,1.6720057647990525,2,90.0,True,10.641062506358775
CI,VCP,v3,2023-10-13,294.3803405761719,273.7737167358398,0,2023-11-15,273.7737167358398,stop,-7.000000000000016,23,4.8608628791945785,7.882908859068882,73.40349293111474,1.9943041357653504,2,100.0,True,3.111586744217454
CI,VCP,v3,2024-03-15,342.7131652832031,318.7232437133789,0,2024-07-01,318.7232437133789,stop,-7.000000000000001,73,3.88011595303963,7.066808796206166,78.93954688325269,2.2633949739212897,2,90.0,True,12.492787591859033
SO,VCP,v3,2024-05-07,72.57568359375,67.4953857421875,0,2024-09-16,86.2671127319336,time,18.865036414707166,90,19.460080615936963,0.37685270960793354,70.47735553042367,1.8189474628704039,2,90.0,True,10.63586978038308
SO,VCP,v3,2024-10-31,87.36116027832031,81.24587905883789,0,2024-12-09,81.24587905883789,stop,-7.000000000000004,26,0.0,7.127037386158125,75.2907925030519,2.324090286408956,2,97.5,True,6.9910590072261245
SO,VCP,v3,2025-10-15,98.90631866455078,91.98287635803221,0,2025-11-03,91.98287635803221,stop,-7.0000000000000115,13,1.1231425669590964,7.561169394448,70.3180335580639,1.5227671173910227,4,95.0,True,10.640094238461653
MO,VCP,v3,2023-02-01,38.12164306640625,35.45312805175781,0,2023-03-23,35.45312805175781,stop,-7.0000000000000115,35,1.198991858440944,7.089611574669102,72.78113756560568,1.9143497761343147,2,100.0,True,4.903866539707618
MO,VCP,v3,2025-07-30,60.521907806396484,56.285374259948725,0,2025-09-09,64.13354067133506,trailing_stop,5.967480199883688,28,11.54471599987758,0.9593535113492652,76.6180402595239,2.338198917472392,3,100.0,True,8.450374380692798
MO,VCP,v3,2025-09-19,64.88999938964844,60.34769943237304,0,2025-10-30,60.34769943237304,stop,-7.000000000000009,29,3.436590195575398,12.929572304768508,76.77978113386585,2.695210487830356,2,100.0,True,11.577067509570968
SCHW,VCP,v3,2024-04-16,71.41832733154297,66.41904441833496,0,2024-05-22,74.05086706212815,trailing_stop,3.6860842712882738,26,9.143246601356072,1.5190898358241838,81.38230452521705,1.6813906298865031,3,92.5,True,8.831632839630075
SCHW,VCP,v3,2024-11-06,74.57780456542969,69.35735824584961,0,2024-12-13,78.22444856799542,trailing_stop,4.889717555799607,26,10.410229006104855,3.7623738049818902,73.03216588210735,2.0713175696731234,3,100.0,True,10.78941680684592
SCHW,VCP,v3,2025-01-17,75.48550415039062,70.20151885986327,0,2025-01-21,77.52056815650684,trailing_stop,2.6959666349472005,1,8.101017510470742,0.0,71.6603805718634,1.5224488824992528,2,90.0,True,7.7892363604433275
DUK,VCP,v3,2024-06-04,99.07190704345703,92.13687355041503,0,2024-10-07,107.4471483381655,trailing_stop,8.453699484188537,86,14.161788930724775,5.152962923784092,74.13923010473516,1.707494963585573,3,100.0,True,11.197355561731264
DUK,VCP,v3,2025-03-14,117.00010681152344,108.8100993347168,0,2025-05-14,108.8100993347168,stop,-7.000000000000001,42,4.287379675367736,7.409254404434754,87.0443943849518,1.5781243263142883,2,90.0,False,-1.326694794889812
CME,VCP,v3,2023-10-25,195.70770263671875,182.00816345214844,0,2024-03-06,206.9303741455078,time,5.734404603185742,90,7.14938943494199,5.888737176860227,88.8077013547126,1.6703665481219698,2,90.0,False,-0.6761093185412345
CME,VCP,v3,2024-12-20,229.44813537597656,213.3867658996582,0,2025-04-04,257.33418034896806,trailing_stop,12.15352869496938,70,18.056345994704603,3.491569852538913,73.82145458197782,1.5500361075741866,2,100.0,True,7.930174334505262
CL,VCP,v3,2024-04-25,86.3080825805664,80.26651679992675,0,2024-09-04,105.67388916015625,time,22.437998853134474,90,22.674394941993413,0.11199376990608924,72.81239259131432,1.5781133366894735,2,90.0,True,8.294277586501796
CL,VCP,v3,2024-09-20,100.12641906738281,93.11756973266601,0,2024-10-25,93.11756973266601,stop,-7.0000000000000036,25,1.3875442779092368,7.213655582338224,76.47235394899559,2.6223454832836786,2,97.5,True,10.25272595741949
BDX,VCP,v3,2023-02-02,236.87539672851562,220.29411895751952,0,2023-03-01,220.29411895751952,stop,-7.000000000000006,18,2.277946182946834,7.192005312093616,71.33211217629598,2.416270724260027,2,97.5,True,6.452073720823524
BDX,VCP,v3,2023-08-08,269.9975891113281,251.09775787353513,0,2023-09-06,251.09775787353513,stop,-7.000000000000009,20,1.2024265261993465,7.114909400851413,74.53970612199915,1.964416413610527,2,100.0,True,10.211220503402728
APD,VCP,v3,2024-10-07,304.920654296875,283.5762084960937,0,2024-12-23,283.5762084960937,stop,-7.000000000000008,54,7.774477828429831,7.019730106891013,78.7380051909773,3.406569232893693,2,97.5,True,8.874059471696953
APD,VCP,v3,2024-11-07,305.04742431640625,283.6941046142578,0,2024-12-23,283.6941046142578,stop,-7.000000000000001,31,7.729689472357338,7.058370363096371,75.91257027447799,1.505493501289901,2,90.0,True,11.526111750347678
APD,VCP,v3,2025-01-13,296.04937744140625,275.3259210205078,0,2025-02-06,317.97103137898364,trailing_stop,7.404728943203436,17,13.057609413898358,0.5103680069508914,73.93725667643382,1.7020799153529733,2,100.0,True,5.150581171679268
ITW,VCP,v3,2023-01-31,221.56167602539062,206.05235870361327,0,2023-05-31,206.05235870361327,stop,-7.000000000000008,83,7.341978112072212,7.394539890347137,83.51345418504424,1.7589667613543605,2,90.0,True,3.7724293679135656
ITW,VCP,v3,2023-05-01,232.00169372558594,215.76157516479492,0,2023-05-04,215.76157516479492,stop,-7.000000000000001,3,0.0,7.631894650968742,82.43844010027318,1.5903007110726803,2,90.0,True,5.693056006335697
ITW,VCP,v3,2023-07-31,249.84751892089844,232.35819259643554,0,2023-08-08,232.35819259643554,stop,-7.000000000000002,6,0.0,7.158591885520374,74.53992156234685,1.9587215801500601,3,100.0,True,13.183887702705857
AON,VCP,v3,2024-11-15,377.01336669921875,350.6224310302734,0,2024-12-18,350.6224310302734,stop,-7.000000000000013,22,4.228936284773519,7.100117974648425,74.47417053362982,1.8625670218277375,2,90.0,True,8.998361347389379
AON,VCP,v3,2025-01-30,369.91619873046875,344.0220648193359,0,2025-03-12,390.677755549819,trailing_stop,5.612502748082595,28,11.171055524297481,1.6239686544014031,72.31592210962583,2.28887760009735,2,90.0,True,8.405782891667878
AON,VCP,v3,2025-02-28,407.4058532714844,378.88744354248047,0,2025-04-04,378.88744354248047,stop,-7.000000000000001,25,0.9410491728946402,8.640498770519084,84.96475540365121,1.615537656520892,2,90.0,True,4.589231607676298
NOC,VCP,v3,2024-09-20,516.0787353515625,479.9532238769531,0,2024-11-18,479.9532238769531,stop,-7.000000000000011,41,5.7966478970800885,7.139187777876381,74.74880670431287,1.840945823278057,2,100.0,True,10.25272595741949
NOC,VCP,v3,2025-07-22,561.582763671875,522.2719702148437,0,2025-10-15,608.8550231933593,trailing_stop,8.417683479528025,60,14.123877346871613,2.126686076448383,76.00541544824861,2.799001516890305,3,100.0,True,7.877064326812835
NOC,VCP,v3,2025-09-19,573.030029296875,532.9179272460938,0,2025-10-15,608.8550231933593,trailing_stop,6.251852793900289,18,11.84405557252663,0.4833986684168885,72.73725143517845,1.9102831178632536,3,100.0,True,11.577067509570968
FDX,VCP,v3,2023-12-14,268.8804626464844,250.05883026123044,0,2023-12-20,250.05883026123044,stop,-7.000000000000011,4,2.172044824164793,11.998144641891633,84.58517950014385,1.8208615522660423,2,100.0,True,10.087670799492704
EMR,VCP,v3,2023-08-25,93.66770935058594,87.11096969604492,0,2023-10-23,87.11096969604492,stop,-7.0000000000000036,40,3.052022098570678,7.8246725461007225,79.89902556263104,1.5533454092180927,2,100.0,True,6.912744337455774
EMR,VCP,v3,2024-02-07,100.45207977294922,93.42043418884276,0,2024-04-18,106.19487425943161,trailing_stop,5.716949314999524,49,11.28099927894687,1.988666357044262,73.49289378858016,3.269878708628224,2,97.5,True,12.727799682974275
EMR,VCP,v3,2024-03-15,107.25492095947266,99.74707649230956,0,2024-07-25,110.6349158847658,trailing_stop,3.1513658255086603,90,8.580385079482813,6.049382198748151,76.03933272492436,2.195741250755693,2,90.0,True,12.492787591859033
EMR,VCP,v3,2024-11-06,124.22476196289062,115.52902862548828,0,2025-01-10,115.52902862548828,stop,-7.000000000000001,43,6.735157448141722,7.219170973262987,78.32387788246588,2.469063542254716,2,100.0,True,10.78941680684592
EMR,VCP,v3,2024-12-20,122.01168823242188,113.47087005615234,0,2025-03-04,113.47087005615234,stop,-7.000000000000006,47,6.42276100101788,8.851139356432764,77.93725695710812,3.4688824530435793,2,100.0,True,7.930174334505262
EMR,VCP,v3,2025-08-06,132.82736206054688,123.52944671630858,0,2025-11-20,123.52944671630858,stop,-7.000000000000008,75,5.7391827573061285,7.112514063798467,78.26783354428494,3.9997440322867237,2,100.0,True,7.9137060379872715
PNC,VCP,v3,2023-12-14,142.2949676513672,132.3343199157715,0,2024-02-21,132.3343199157715,stop,-6.999999999999998,45,2.8569424394628595,7.948604701010066,79.43218917708424,1.8655660006396375,2,100.0,True,10.087670799492704
PNC,VCP,v3,2024-01-16,139.73304748535156,129.95173416137695,0,2024-04-11,144.52272339300134,trailing_stop,3.4277330909510786,60,8.87129799047483,6.260898534356252,76.5481159104055,1.9333377339738436,2,100.0,True,9.086356733264266
PNC,VCP,v3,2024-03-04,144.15892028808594,134.06779586791993,0,2024-07-12,159.66148376464844,time,10.753801045112096,90,11.489703502261584,5.698957039739416,70.72105251687317,2.7181665317774337,2,90.0,True,13.819316356925986
PNC,VCP,v3,2024-07-11,159.4152069091797,148.2561424255371,0,2024-08-02,166.10491422522227,trailing_stop,4.196404750679635,16,9.680426053346999,0.671418102414151,75.15501413519485,2.1554202383441354,3,100.0,True,14.252300767091771
PNC,VCP,v3,2024-09-09,174.62734985351562,162.40343536376952,0,2024-11-20,196.2177415482012,trailing_stop,12.36369429691079,52,18.277572944116628,5.322820323345134,90.15673985982212,1.5499481159850856,2,90.0,True,6.718144873274441
PNC,VCP,v3,2024-11-06,197.6540985107422,183.81831161499022,0,2024-12-19,183.81831161499022,stop,-7.000000000000006,30,5.508117382320705,7.459631319017018,88.94660499619448,2.255636085140288,3,100.0,True,10.78941680684592
PNC,VCP,v3,2024-12-20,185.87989807128906,172.86830520629883,0,2025-03-06,172.86830520629883,stop,-7.000000000000001,49,7.467092785064263,7.691076026566725,78.77403600382121,1.9727006986669058,3,100.0,True,7.930174334505262
PNC,VCP,v3,2025-07-01,189.1260986328125,175.8872717285156,0,2025-09-30,196.55595717347444,trailing_stop,3.928521020828002,63,9.398443179818958,3.679072020767691,73.19364077552535,1.734471188295028,2,97.5,True,6.763421632891919
USB,VCP,v3,2023-12-14,41.42885208129883,38.52883243560791,0,2023-12-20,38.52883243560791,stop,-7.000000000000001,4,0.33088852762503307,7.015244141305635,88.9700349014112,2.4774364540988847,2,100.0,True,10.087670799492704
USB,VCP,v3,2024-01-19,38.82754898071289,36.109620552062985,0,2024-02-07,36.109620552062985,stop,-7.000000000000008,13,3.308763276454342,7.474371827998801,73.85102576841521,1.5067041254079478,3,100.0,True,10.52864157941044
USB,VCP,v3,2024-10-17,47.82011032104492,44.47270259857177,0,2024-12-09,49.07470153221892,trailing_stop,2.6235640251584034,36,8.024804237008853,5.66340909076659,78.65520371016582,2.0674654342745074,2,100.0,True,10.731054172000706
USB,VCP,v3,2024-12-20,45.85830307006836,42.64822185516357,0,2025-03-05,42.64822185516357,stop,-7.000000000000011,48,7.794845254626756,7.471878424256095,72.2056361900395,2.402808333473918,2,100.0,True,7.930174334505262
NSC,VCP,v3,2024-09-09,250.07916259765625,232.5736212158203,0,2024-11-14,258.1999417685359,trailing_stop,3.247283414790094,48,8.681350962936952,5.696811249412178,75.21921654753802,1.6819525329542748,4,100.0,True,6.718144873274441
NSC,VCP,v3,2024-10-22,253.6042938232422,235.8519932556152,0,2024-12-18,235.8519932556152,stop,-7.000000000000009,40,7.170666667562446,8.306538202724068,70.71328457613659,2.125881292739385,2,100.0,True,10.536488090186992
NSC,VCP,v3,2025-07-17,267.21484375,248.50980468749998,0,2025-08-22,275.7793986855664,trailing_stop,3.2051194519639696,26,8.636967844172606,0.0,75.74279069093541,2.284013266397231,3,100.0,True,7.9097086188514245
CSX,VCP,v3,2024-01-26,34.361328125,31.95603515625,0,2024-02-23,37.00615316377785,trailing_stop,7.69709782216939,19,13.36536612859936,0.9607244811577429,70.23974309370004,1.782307977044567,2,90.0,True,11.15102812578565
CSX,VCP,v3,2025-07-25,35.486488342285156,33.002434158325194,0,2025-08-25,33.002434158325194,stop,-7.0000000000000036,21,4.1666694573709036,9.731540269529859,74.26239066279743,1.9142208074067322,4,100.0,True,9.09228956930868
F,VCP,v3,2025-09-26,11.872690200805664,11.041601886749266,0,2025-10-24,13.119768137269453,trailing_stop,10.50375201720638,20,16.319738965480404,5.578683478736813,78.3958431838053,1.9973383938135052,2,100.0,True,10.964645274738139
F,VCP,v3,2025-10-24,13.681768417358398,12.724044628143309,0,2025-11-04,12.724044628143309,stop,-7.000000000000011,7,0.0,7.875728504254406,90.0688873305914,3.292348100534748,2,100.0,True,12.09896958483487
